Source,Year,Month,Mean
GISTEMP,1880,1,-0.19
GCAG,1880,1,-0.3816
GISTEMP,1880,2,-0.25
GCAG,1880,2,-0.4331
GISTEMP,1880,3,-0.1
GCAG,1880,3,-0.1816
GISTEMP,1880,4,-0.17
GCAG,1880,4,-0.3249
GISTEMP,1880,5,-0.1
GCAG,1880,5,-0.3183
GISTEMP,1880,6,-0.22
GCAG,1880,6,-0.3668
GISTEMP,1880,7,-0.19
GCAG,1880,7,-0.32
GISTEMP,1880,8,-0.11
GCAG,1880,8,-0.0949
GISTEMP,1880,9,-0.15
GCAG,1880,9,-0.2884
GISTEMP,1880,10,-0.24
GCAG,1880,10,-0.3753
GISTEMP,1880,11,-0.23
GCAG,1880,11,-0.2591
GISTEMP,1880,12,-0.19
GCAG,1880,12,-0.294
GISTEMP,1881,1,-0.2
GCAG,1881,1,-0.1739
GISTEMP,1881,2,-0.16
GCAG,1881,2,-0.1996
GISTEMP,1881,3,0.02
GCAG,1881,3,-0.2154
GISTEMP,1881,4,0.04
GCAG,1881,4,-0.0534
GISTEMP,1881,5,0.06
GCAG,1881,5,-0.0987
GISTEMP,1881,6,-0.19
GCAG,1881,6,-0.3896
GISTEMP,1881,7,0.01
GCAG,1881,7,-0.1827
GISTEMP,1881,8,-0.04
GCAG,1881,8,-0.1318
GISTEMP,1881,9,-0.16
GCAG,1881,9,-0.2867
GISTEMP,1881,10,-0.22
GCAG,1881,10,-0.217
GISTEMP,1881,11,-0.19
GCAG,1881,11,-0.3699
GISTEMP,1881,12,-0.07
GCAG,1881,12,-0.2374
GISTEMP,1882,1,0.15
GCAG,1882,1,-0.0118
GISTEMP,1882,2,0.13
GCAG,1882,2,-0.0981
GISTEMP,1882,3,0.04
GCAG,1882,3,-0.146
GISTEMP,1882,4,-0.16
GCAG,1882,4,-0.2892
GISTEMP,1882,5,-0.14
GCAG,1882,5,-0.2898
GISTEMP,1882,6,-0.23
GCAG,1882,6,-0.3581
GISTEMP,1882,7,-0.17
GCAG,1882,7,-0.3078
GISTEMP,1882,8,-0.08
GCAG,1882,8,-0.2239
GISTEMP,1882,9,-0.15
GCAG,1882,9,-0.1453
GISTEMP,1882,10,-0.24
GCAG,1882,10,-0.3824
GISTEMP,1882,11,-0.17
GCAG,1882,11,-0.3851
GISTEMP,1882,12,-0.37
GCAG,1882,12,-0.6278
GISTEMP,1883,1,-0.3
GCAG,1883,1,-0.4403
GISTEMP,1883,2,-0.37
GCAG,1883,2,-0.4484
GISTEMP,1883,3,-0.13
GCAG,1883,3,-0.2487
GISTEMP,1883,4,-0.18
GCAG,1883,4,-0.4166
GISTEMP,1883,5,-0.18
GCAG,1883,5,-0.3235
GISTEMP,1883,6,-0.07
GCAG,1883,6,-0.1592
GISTEMP,1883,7,-0.08
GCAG,1883,7,-0.2155
GISTEMP,1883,8,-0.14
GCAG,1883,8,-0.2777
GISTEMP,1883,9,-0.22
GCAG,1883,9,-0.3012
GISTEMP,1883,10,-0.11
GCAG,1883,10,-0.3232
GISTEMP,1883,11,-0.24
GCAG,1883,11,-0.3733
GISTEMP,1883,12,-0.12
GCAG,1883,12,-0.4031
GISTEMP,1884,1,-0.13
GCAG,1884,1,-0.426
GISTEMP,1884,2,-0.08
GCAG,1884,2,-0.3104
GISTEMP,1884,3,-0.37
GCAG,1884,3,-0.4914
GISTEMP,1884,4,-0.4
GCAG,1884,4,-0.4687
GISTEMP,1884,5,-0.34
GCAG,1884,5,-0.5461
GISTEMP,1884,6,-0.35
GCAG,1884,6,-0.4881
GISTEMP,1884,7,-0.31
GCAG,1884,7,-0.5557
GISTEMP,1884,8,-0.28
GCAG,1884,8,-0.4198
GISTEMP,1884,9,-0.27
GCAG,1884,9,-0.4978
GISTEMP,1884,10,-0.25
GCAG,1884,10,-0.4483
GISTEMP,1884,11,-0.34
GCAG,1884,11,-0.5693
GISTEMP,1884,12,-0.31
GCAG,1884,12,-0.472
GISTEMP,1885,1,-0.59
GCAG,1885,1,-0.6448
GISTEMP,1885,2,-0.34
GCAG,1885,2,-0.5387
GISTEMP,1885,3,-0.27
GCAG,1885,3,-0.4076
GISTEMP,1885,4,-0.42
GCAG,1885,4,-0.6183
GISTEMP,1885,5,-0.45
GCAG,1885,5,-0.592
GISTEMP,1885,6,-0.44
GCAG,1885,6,-0.6259
GISTEMP,1885,7,-0.34
GCAG,1885,7,-0.4087
GISTEMP,1885,8,-0.31
GCAG,1885,8,-0.3961
GISTEMP,1885,9,-0.28
GCAG,1885,9,-0.3477
GISTEMP,1885,10,-0.23
GCAG,1885,10,-0.3461
GISTEMP,1885,11,-0.24
GCAG,1885,11,-0.3678
GISTEMP,1885,12,-0.1
GCAG,1885,12,-0.204
GISTEMP,1886,1,-0.44
GCAG,1886,1,-0.4579
GISTEMP,1886,2,-0.51
GCAG,1886,2,-0.4703
GISTEMP,1886,3,-0.43
GCAG,1886,3,-0.4666
GISTEMP,1886,4,-0.28
GCAG,1886,4,-0.3433
GISTEMP,1886,5,-0.24
GCAG,1886,5,-0.2794
GISTEMP,1886,6,-0.35
GCAG,1886,6,-0.4983
GISTEMP,1886,7,-0.19
GCAG,1886,7,-0.2972
GISTEMP,1886,8,-0.31
GCAG,1886,8,-0.4495
GISTEMP,1886,9,-0.24
GCAG,1886,9,-0.3802
GISTEMP,1886,10,-0.28
GCAG,1886,10,-0.3992
GISTEMP,1886,11,-0.28
GCAG,1886,11,-0.4756
GISTEMP,1886,12,-0.25
GCAG,1886,12,-0.3806
GISTEMP,1887,1,-0.72
GCAG,1887,1,-0.7341
GISTEMP,1887,2,-0.57
GCAG,1887,2,-0.6458
GISTEMP,1887,3,-0.36
GCAG,1887,3,-0.4351
GISTEMP,1887,4,-0.35
GCAG,1887,4,-0.473
GISTEMP,1887,5,-0.31
GCAG,1887,5,-0.5125
GISTEMP,1887,6,-0.25
GCAG,1887,6,-0.5117
GISTEMP,1887,7,-0.26
GCAG,1887,7,-0.3789
GISTEMP,1887,8,-0.36
GCAG,1887,8,-0.4383
GISTEMP,1887,9,-0.26
GCAG,1887,9,-0.3789
GISTEMP,1887,10,-0.35
GCAG,1887,10,-0.4344
GISTEMP,1887,11,-0.26
GCAG,1887,11,-0.4282
GISTEMP,1887,12,-0.33
GCAG,1887,12,-0.4893
GISTEMP,1888,1,-0.34
GCAG,1888,1,-0.6151
GISTEMP,1888,2,-0.37
GCAG,1888,2,-0.5852
GISTEMP,1888,3,-0.42
GCAG,1888,3,-0.5926
GISTEMP,1888,4,-0.21
GCAG,1888,4,-0.3435
GISTEMP,1888,5,-0.22
GCAG,1888,5,-0.3986
GISTEMP,1888,6,-0.17
GCAG,1888,6,-0.3146
GISTEMP,1888,7,-0.11
GCAG,1888,7,-0.3349
GISTEMP,1888,8,-0.16
GCAG,1888,8,-0.3038
GISTEMP,1888,9,-0.12
GCAG,1888,9,-0.3202
GISTEMP,1888,10,0.01
GCAG,1888,10,-0.158
GISTEMP,1888,11,0.02
GCAG,1888,11,-0.2564
GISTEMP,1888,12,-0.05
GCAG,1888,12,-0.2482
GISTEMP,1889,1,-0.1
GCAG,1889,1,-0.2939
GISTEMP,1889,2,0.16
GCAG,1889,2,-0.0052
GISTEMP,1889,3,0.06
GCAG,1889,3,-0.0793
GISTEMP,1889,4,0.09
GCAG,1889,4,-0.0821
GISTEMP,1889,5,-0.01
GCAG,1889,5,-0.1575
GISTEMP,1889,6,-0.1
GCAG,1889,6,-0.216
GISTEMP,1889,7,-0.08
GCAG,1889,7,-0.291
GISTEMP,1889,8,-0.21
GCAG,1889,8,-0.3151
GISTEMP,1889,9,-0.24
GCAG,1889,9,-0.3493
GISTEMP,1889,10,-0.26
GCAG,1889,10,-0.3608
GISTEMP,1889,11,-0.34
GCAG,1889,11,-0.5087
GISTEMP,1889,12,-0.3
GCAG,1889,12,-0.346
GISTEMP,1890,1,-0.42
GCAG,1890,1,-0.5159
GISTEMP,1890,2,-0.45
GCAG,1890,2,-0.4486
GISTEMP,1890,3,-0.41
GCAG,1890,3,-0.6164
GISTEMP,1890,4,-0.3
GCAG,1890,4,-0.4919
GISTEMP,1890,5,-0.39
GCAG,1890,5,-0.5295
GISTEMP,1890,6,-0.25
GCAG,1890,6,-0.4847
GISTEMP,1890,7,-0.28
GCAG,1890,7,-0.4858
GISTEMP,1890,8,-0.39
GCAG,1890,8,-0.4688
GISTEMP,1890,9,-0.36
GCAG,1890,9,-0.4766
GISTEMP,1890,10,-0.25
GCAG,1890,10,-0.4367
GISTEMP,1890,11,-0.44
GCAG,1890,11,-0.6672
GISTEMP,1890,12,-0.32
GCAG,1890,12,-0.3808
GISTEMP,1891,1,-0.34
GCAG,1891,1,-0.5744
GISTEMP,1891,2,-0.46
GCAG,1891,2,-0.5928
GISTEMP,1891,3,-0.18
GCAG,1891,3,-0.3558
GISTEMP,1891,4,-0.27
GCAG,1891,4,-0.4379
GISTEMP,1891,5,-0.16
GCAG,1891,5,-0.3342
GISTEMP,1891,6,-0.21
GCAG,1891,6,-0.3654
GISTEMP,1891,7,-0.18
GCAG,1891,7,-0.4002
GISTEMP,1891,8,-0.17
GCAG,1891,8,-0.3607
GISTEMP,1891,9,-0.15
GCAG,1891,9,-0.2614
GISTEMP,1891,10,-0.22
GCAG,1891,10,-0.3342
GISTEMP,1891,11,-0.32
GCAG,1891,11,-0.53
GISTEMP,1891,12,-0.04
GCAG,1891,12,-0.2233
GISTEMP,1892,1,-0.29
GCAG,1892,1,-0.4716
GISTEMP,1892,2,-0.12
GCAG,1892,2,-0.288
GISTEMP,1892,3,-0.4
GCAG,1892,3,-0.5216
GISTEMP,1892,4,-0.33
GCAG,1892,4,-0.5371
GISTEMP,1892,5,-0.23
GCAG,1892,5,-0.452
GISTEMP,1892,6,-0.22
GCAG,1892,6,-0.4316
GISTEMP,1892,7,-0.31
GCAG,1892,7,-0.59
GISTEMP,1892,8,-0.27
GCAG,1892,8,-0.5112
GISTEMP,1892,9,-0.17
GCAG,1892,9,-0.3872
GISTEMP,1892,10,-0.14
GCAG,1892,10,-0.4369
GISTEMP,1892,11,-0.42
GCAG,1892,11,-0.6623
GISTEMP,1892,12,-0.39
GCAG,1892,12,-0.7892
GISTEMP,1893,1,-0.81
GCAG,1893,1,-1.04
GISTEMP,1893,2,-0.57
GCAG,1893,2,-0.8461
GISTEMP,1893,3,-0.22
GCAG,1893,3,-0.4215
GISTEMP,1893,4,-0.28
GCAG,1893,4,-0.5083
GISTEMP,1893,5,-0.34
GCAG,1893,5,-0.5703
GISTEMP,1893,6,-0.25
GCAG,1893,6,-0.4526
GISTEMP,1893,7,-0.14
GCAG,1893,7,-0.2528
GISTEMP,1893,8,-0.25
GCAG,1893,8,-0.2951
GISTEMP,1893,9,-0.22
GCAG,1893,9,-0.3691
GISTEMP,1893,10,-0.18
GCAG,1893,10,-0.3052
GISTEMP,1893,11,-0.19
GCAG,1893,11,-0.4018
GISTEMP,1893,12,-0.32
GCAG,1893,12,-0.4767
GISTEMP,1894,1,-0.53
GCAG,1894,1,-0.6305
GISTEMP,1894,2,-0.29
GCAG,1894,2,-0.419
GISTEMP,1894,3,-0.23
GCAG,1894,3,-0.4981
GISTEMP,1894,4,-0.45
GCAG,1894,4,-0.5233
GISTEMP,1894,5,-0.31
GCAG,1894,5,-0.5135
GISTEMP,1894,6,-0.41
GCAG,1894,6,-0.58
GISTEMP,1894,7,-0.24
GCAG,1894,7,-0.398
GISTEMP,1894,8,-0.24
GCAG,1894,8,-0.3547
GISTEMP,1894,9,-0.28
GCAG,1894,9,-0.4397
GISTEMP,1894,10,-0.23
GCAG,1894,10,-0.3987
GISTEMP,1894,11,-0.26
GCAG,1894,11,-0.451
GISTEMP,1894,12,-0.21
GCAG,1894,12,-0.5385
GISTEMP,1895,1,-0.41
GCAG,1895,1,-0.6363
GISTEMP,1895,2,-0.43
GCAG,1895,2,-0.6321
GISTEMP,1895,3,-0.33
GCAG,1895,3,-0.6096
GISTEMP,1895,4,-0.22
GCAG,1895,4,-0.4481
GISTEMP,1895,5,-0.27
GCAG,1895,5,-0.4688
GISTEMP,1895,6,-0.21
GCAG,1895,6,-0.4206
GISTEMP,1895,7,-0.17
GCAG,1895,7,-0.3382
GISTEMP,1895,8,-0.17
GCAG,1895,8,-0.3741
GISTEMP,1895,9,-0.12
GCAG,1895,9,-0.3884
GISTEMP,1895,10,-0.1
GCAG,1895,10,-0.3137
GISTEMP,1895,11,-0.17
GCAG,1895,11,-0.3124
GISTEMP,1895,12,-0.15
GCAG,1895,12,-0.3598
GISTEMP,1896,1,-0.23
GCAG,1896,1,-0.3144
GISTEMP,1896,2,-0.13
GCAG,1896,2,-0.3287
GISTEMP,1896,3,-0.26
GCAG,1896,3,-0.5803
GISTEMP,1896,4,-0.31
GCAG,1896,4,-0.5287
GISTEMP,1896,5,-0.16
GCAG,1896,5,-0.3471
GISTEMP,1896,6,-0.11
GCAG,1896,6,-0.2236
GISTEMP,1896,7,-0.03
GCAG,1896,7,-0.1847
GISTEMP,1896,8,-0.05
GCAG,1896,8,-0.1728
GISTEMP,1896,9,-0.07
GCAG,1896,9,-0.1551
GISTEMP,1896,10,0.06
GCAG,1896,10,-0.117
GISTEMP,1896,11,-0.05
GCAG,1896,11,-0.3081
GISTEMP,1896,12,-0.05
GCAG,1896,12,-0.0825
GISTEMP,1897,1,-0.15
GCAG,1897,1,-0.2898
GISTEMP,1897,2,-0.17
GCAG,1897,2,-0.3375
GISTEMP,1897,3,-0.14
GCAG,1897,3,-0.4101
GISTEMP,1897,4,-0.03
GCAG,1897,4,-0.1087
GISTEMP,1897,5,-0.02
GCAG,1897,5,-0.1214
GISTEMP,1897,6,-0.12
GCAG,1897,6,-0.1698
GISTEMP,1897,7,-0.03
GCAG,1897,7,-0.1899
GISTEMP,1897,8,-0.09
GCAG,1897,8,-0.1829
GISTEMP,1897,9,-0.08
GCAG,1897,9,-0.1764
GISTEMP,1897,10,-0.13
GCAG,1897,10,-0.2058
GISTEMP,1897,11,-0.19
GCAG,1897,11,-0.4101
GISTEMP,1897,12,-0.21
GCAG,1897,12,-0.4533
GISTEMP,1898,1,-0.04
GCAG,1898,1,-0.1852
GISTEMP,1898,2,-0.31
GCAG,1898,2,-0.544
GISTEMP,1898,3,-0.51
GCAG,1898,3,-0.8334
GISTEMP,1898,4,-0.3
GCAG,1898,4,-0.6605
GISTEMP,1898,5,-0.3
GCAG,1898,5,-0.548
GISTEMP,1898,6,-0.19
GCAG,1898,6,-0.3343
GISTEMP,1898,7,-0.22
GCAG,1898,7,-0.3907
GISTEMP,1898,8,-0.27
GCAG,1898,8,-0.3948
GISTEMP,1898,9,-0.22
GCAG,1898,9,-0.3599
GISTEMP,1898,10,-0.35
GCAG,1898,10,-0.4759
GISTEMP,1898,11,-0.38
GCAG,1898,11,-0.4949
GISTEMP,1898,12,-0.24
GCAG,1898,12,-0.4668
GISTEMP,1899,1,-0.17
GCAG,1899,1,-0.3436
GISTEMP,1899,2,-0.38
GCAG,1899,2,-0.5276
GISTEMP,1899,3,-0.36
GCAG,1899,3,-0.5634
GISTEMP,1899,4,-0.2
GCAG,1899,4,-0.4177
GISTEMP,1899,5,-0.23
GCAG,1899,5,-0.3581
GISTEMP,1899,6,-0.31
GCAG,1899,6,-0.5072
GISTEMP,1899,7,-0.15
GCAG,1899,7,-0.3643
GISTEMP,1899,8,-0.08
GCAG,1899,8,-0.2368
GISTEMP,1899,9,-0.04
GCAG,1899,9,-0.143
GISTEMP,1899,10,-0.04
GCAG,1899,10,-0.1759
GISTEMP,1899,11,0.12
GCAG,1899,11,-0.0465
GISTEMP,1899,12,-0.27
GCAG,1899,12,-0.4475
GISTEMP,1900,1,-0.37
GCAG,1900,1,-0.4812
GISTEMP,1900,2,-0.06
GCAG,1900,2,-0.192
GISTEMP,1900,3,0.0
GCAG,1900,3,-0.1989
GISTEMP,1900,4,-0.09
GCAG,1900,4,-0.2253
GISTEMP,1900,5,-0.09
GCAG,1900,5,-0.3005
GISTEMP,1900,6,-0.1
GCAG,1900,6,-0.2233
GISTEMP,1900,7,-0.13
GCAG,1900,7,-0.2097
GISTEMP,1900,8,-0.09
GCAG,1900,8,-0.21
GISTEMP,1900,9,-0.05
GCAG,1900,9,-0.1929
GISTEMP,1900,10,0.09
GCAG,1900,10,-0.0578
GISTEMP,1900,11,-0.07
GCAG,1900,11,-0.2571
GISTEMP,1900,12,-0.07
GCAG,1900,12,-0.2132
GISTEMP,1901,1,-0.23
GCAG,1901,1,-0.264
GISTEMP,1901,2,-0.11
GCAG,1901,2,-0.2584
GISTEMP,1901,3,0.06
GCAG,1901,3,-0.1798
GISTEMP,1901,4,-0.03
GCAG,1901,4,-0.1648
GISTEMP,1901,5,-0.15
GCAG,1901,5,-0.2345
GISTEMP,1901,6,-0.12
GCAG,1901,6,-0.256
GISTEMP,1901,7,-0.14
GCAG,1901,7,-0.3458
GISTEMP,1901,8,-0.2
GCAG,1901,8,-0.2114
GISTEMP,1901,9,-0.22
GCAG,1901,9,-0.3562
GISTEMP,1901,10,-0.29
GCAG,1901,10,-0.3356
GISTEMP,1901,11,-0.17
GCAG,1901,11,-0.3737
GISTEMP,1901,12,-0.28
GCAG,1901,12,-0.4657
GISTEMP,1902,1,-0.17
GCAG,1902,1,-0.4251
GISTEMP,1902,2,-0.09
GCAG,1902,2,-0.2241
GISTEMP,1902,3,-0.27
GCAG,1902,3,-0.4558
GISTEMP,1902,4,-0.27
GCAG,1902,4,-0.4443
GISTEMP,1902,5,-0.32
GCAG,1902,5,-0.4346
GISTEMP,1902,6,-0.32
GCAG,1902,6,-0.4501
GISTEMP,1902,7,-0.28
GCAG,1902,7,-0.4109
GISTEMP,1902,8,-0.3
GCAG,1902,8,-0.4305
GISTEMP,1902,9,-0.29
GCAG,1902,9,-0.3731
GISTEMP,1902,10,-0.3
GCAG,1902,10,-0.4973
GISTEMP,1902,11,-0.37
GCAG,1902,11,-0.5539
GISTEMP,1902,12,-0.43
GCAG,1902,12,-0.549
GISTEMP,1903,1,-0.25
GCAG,1903,1,-0.4225
GISTEMP,1903,2,-0.06
GCAG,1903,2,-0.2346
GISTEMP,1903,3,-0.24
GCAG,1903,3,-0.4061
GISTEMP,1903,4,-0.41
GCAG,1903,4,-0.5899
GISTEMP,1903,5,-0.4
GCAG,1903,5,-0.5138
GISTEMP,1903,6,-0.43
GCAG,1903,6,-0.5495
GISTEMP,1903,7,-0.35
GCAG,1903,7,-0.5112
GISTEMP,1903,8,-0.45
GCAG,1903,8,-0.6107
GISTEMP,1903,9,-0.49
GCAG,1903,9,-0.5712
GISTEMP,1903,10,-0.46
GCAG,1903,10,-0.6738
GISTEMP,1903,11,-0.42
GCAG,1903,11,-0.6311
GISTEMP,1903,12,-0.51
GCAG,1903,12,-0.7082
GISTEMP,1904,1,-0.64
GCAG,1904,1,-0.797
GISTEMP,1904,2,-0.59
GCAG,1904,2,-0.7668
GISTEMP,1904,3,-0.51
GCAG,1904,3,-0.6939
GISTEMP,1904,4,-0.51
GCAG,1904,4,-0.645
GISTEMP,1904,5,-0.52
GCAG,1904,5,-0.6114
GISTEMP,1904,6,-0.48
GCAG,1904,6,-0.5688
GISTEMP,1904,7,-0.51
GCAG,1904,7,-0.559
GISTEMP,1904,8,-0.49
GCAG,1904,8,-0.4841
GISTEMP,1904,9,-0.56
GCAG,1904,9,-0.6004
GISTEMP,1904,10,-0.39
GCAG,1904,10,-0.5525
GISTEMP,1904,11,-0.18
GCAG,1904,11,-0.392
GISTEMP,1904,12,-0.34
GCAG,1904,12,-0.4938
GISTEMP,1905,1,-0.35
GCAG,1905,1,-0.4566
GISTEMP,1905,2,-0.6
GCAG,1905,2,-0.7155
GISTEMP,1905,3,-0.22
GCAG,1905,3,-0.5189
GISTEMP,1905,4,-0.33
GCAG,1905,4,-0.5584
GISTEMP,1905,5,-0.29
GCAG,1905,5,-0.4342
GISTEMP,1905,6,-0.28
GCAG,1905,6,-0.3448
GISTEMP,1905,7,-0.26
GCAG,1905,7,-0.376
GISTEMP,1905,8,-0.2
GCAG,1905,8,-0.3059
GISTEMP,1905,9,-0.19
GCAG,1905,9,-0.3469
GISTEMP,1905,10,-0.24
GCAG,1905,10,-0.3344
GISTEMP,1905,11,-0.07
GCAG,1905,11,-0.2154
GISTEMP,1905,12,-0.13
GCAG,1905,12,-0.2644
GISTEMP,1906,1,-0.28
GCAG,1906,1,-0.2845
GISTEMP,1906,2,-0.3
GCAG,1906,2,-0.3769
GISTEMP,1906,3,-0.18
GCAG,1906,3,-0.2816
GISTEMP,1906,4,-0.05
GCAG,1906,4,-0.1003
GISTEMP,1906,5,-0.26
GCAG,1906,5,-0.3723
GISTEMP,1906,6,-0.2
GCAG,1906,6,-0.2292
GISTEMP,1906,7,-0.23
GCAG,1906,7,-0.3464
GISTEMP,1906,8,-0.2
GCAG,1906,8,-0.2724
GISTEMP,1906,9,-0.28
GCAG,1906,9,-0.3523
GISTEMP,1906,10,-0.2
GCAG,1906,10,-0.3203
GISTEMP,1906,11,-0.38
GCAG,1906,11,-0.5309
GISTEMP,1906,12,-0.15
GCAG,1906,12,-0.3174
GISTEMP,1907,1,-0.43
GCAG,1907,1,-0.5162
GISTEMP,1907,2,-0.51
GCAG,1907,2,-0.6154
GISTEMP,1907,3,-0.27
GCAG,1907,3,-0.4271
GISTEMP,1907,4,-0.37
GCAG,1907,4,-0.4717
GISTEMP,1907,5,-0.46
GCAG,1907,5,-0.6375
GISTEMP,1907,6,-0.42
GCAG,1907,6,-0.5387
GISTEMP,1907,7,-0.35
GCAG,1907,7,-0.4312
GISTEMP,1907,8,-0.34
GCAG,1907,8,-0.4927
GISTEMP,1907,9,-0.34
GCAG,1907,9,-0.4001
GISTEMP,1907,10,-0.23
GCAG,1907,10,-0.3322
GISTEMP,1907,11,-0.47
GCAG,1907,11,-0.5483
GISTEMP,1907,12,-0.48
GCAG,1907,12,-0.5827
GISTEMP,1908,1,-0.45
GCAG,1908,1,-0.4519
GISTEMP,1908,2,-0.32
GCAG,1908,2,-0.4059
GISTEMP,1908,3,-0.56
GCAG,1908,3,-0.6967
GISTEMP,1908,4,-0.45
GCAG,1908,4,-0.5814
GISTEMP,1908,5,-0.38
GCAG,1908,5,-0.4379
GISTEMP,1908,6,-0.38
GCAG,1908,6,-0.4091
GISTEMP,1908,7,-0.35
GCAG,1908,7,-0.3959
GISTEMP,1908,8,-0.46
GCAG,1908,8,-0.481
GISTEMP,1908,9,-0.35
GCAG,1908,9,-0.3833
GISTEMP,1908,10,-0.44
GCAG,1908,10,-0.5677
GISTEMP,1908,11,-0.52
GCAG,1908,11,-0.6378
GISTEMP,1908,12,-0.49
GCAG,1908,12,-0.6301
GISTEMP,1909,1,-0.73
GCAG,1909,1,-0.7548
GISTEMP,1909,2,-0.46
GCAG,1909,2,-0.533
GISTEMP,1909,3,-0.55
GCAG,1909,3,-0.6513
GISTEMP,1909,4,-0.59
GCAG,1909,4,-0.6305
GISTEMP,1909,5,-0.55
GCAG,1909,5,-0.5889
GISTEMP,1909,6,-0.52
GCAG,1909,6,-0.5069
GISTEMP,1909,7,-0.45
GCAG,1909,7,-0.5279
GISTEMP,1909,8,-0.34
GCAG,1909,8,-0.3285
GISTEMP,1909,9,-0.39
GCAG,1909,9,-0.4074
GISTEMP,1909,10,-0.4
GCAG,1909,10,-0.4896
GISTEMP,1909,11,-0.32
GCAG,1909,11,-0.3843
GISTEMP,1909,12,-0.56
GCAG,1909,12,-0.5918
GISTEMP,1910,1,-0.43
GCAG,1910,1,-0.4175
GISTEMP,1910,2,-0.42
GCAG,1910,2,-0.5049
GISTEMP,1910,3,-0.51
GCAG,1910,3,-0.6018
GISTEMP,1910,4,-0.43
GCAG,1910,4,-0.525
GISTEMP,1910,5,-0.35
GCAG,1910,5,-0.5231
GISTEMP,1910,6,-0.39
GCAG,1910,6,-0.5523
GISTEMP,1910,7,-0.35
GCAG,1910,7,-0.4421
GISTEMP,1910,8,-0.37
GCAG,1910,8,-0.3908
GISTEMP,1910,9,-0.39
GCAG,1910,9,-0.4176
GISTEMP,1910,10,-0.41
GCAG,1910,10,-0.4773
GISTEMP,1910,11,-0.57
GCAG,1910,11,-0.668
GISTEMP,1910,12,-0.68
GCAG,1910,12,-0.7446
GISTEMP,1911,1,-0.63
GCAG,1911,1,-0.6563
GISTEMP,1911,2,-0.59
GCAG,1911,2,-0.7064
GISTEMP,1911,3,-0.61
GCAG,1911,3,-0.7647
GISTEMP,1911,4,-0.54
GCAG,1911,4,-0.6419
GISTEMP,1911,5,-0.52
GCAG,1911,5,-0.6415
GISTEMP,1911,6,-0.51
GCAG,1911,6,-0.5603
GISTEMP,1911,7,-0.43
GCAG,1911,7,-0.497
GISTEMP,1911,8,-0.44
GCAG,1911,8,-0.51
GISTEMP,1911,9,-0.41
GCAG,1911,9,-0.501
GISTEMP,1911,10,-0.27
GCAG,1911,10,-0.3521
GISTEMP,1911,11,-0.22
GCAG,1911,11,-0.3435
GISTEMP,1911,12,-0.23
GCAG,1911,12,-0.3029
GISTEMP,1912,1,-0.28
GCAG,1912,1,-0.3261
GISTEMP,1912,2,-0.16
GCAG,1912,2,-0.3123
GISTEMP,1912,3,-0.39
GCAG,1912,3,-0.5568
GISTEMP,1912,4,-0.19
GCAG,1912,4,-0.3377
GISTEMP,1912,5,-0.22
GCAG,1912,5,-0.3353
GISTEMP,1912,6,-0.25
GCAG,1912,6,-0.2903
GISTEMP,1912,7,-0.43
GCAG,1912,7,-0.5103
GISTEMP,1912,8,-0.55
GCAG,1912,8,-0.5803
GISTEMP,1912,9,-0.58
GCAG,1912,9,-0.6464
GISTEMP,1912,10,-0.58
GCAG,1912,10,-0.685
GISTEMP,1912,11,-0.4
GCAG,1912,11,-0.5564
GISTEMP,1912,12,-0.44
GCAG,1912,12,-0.5769
GISTEMP,1913,1,-0.41
GCAG,1913,1,-0.5463
GISTEMP,1913,2,-0.46
GCAG,1913,2,-0.5396
GISTEMP,1913,3,-0.43
GCAG,1913,3,-0.6011
GISTEMP,1913,4,-0.4
GCAG,1913,4,-0.5226
GISTEMP,1913,5,-0.45
GCAG,1913,5,-0.5475
GISTEMP,1913,6,-0.46
GCAG,1913,6,-0.546
GISTEMP,1913,7,-0.37
GCAG,1913,7,-0.4873
GISTEMP,1913,8,-0.33
GCAG,1913,8,-0.3997
GISTEMP,1913,9,-0.35
GCAG,1913,9,-0.4183
GISTEMP,1913,10,-0.32
GCAG,1913,10,-0.4422
GISTEMP,1913,11,-0.21
GCAG,1913,11,-0.3615
GISTEMP,1913,12,-0.04
GCAG,1913,12,-0.1501
GISTEMP,1914,1,0.03
GCAG,1914,1,-0.0708
GISTEMP,1914,2,-0.11
GCAG,1914,2,-0.2555
GISTEMP,1914,3,-0.25
GCAG,1914,3,-0.3918
GISTEMP,1914,4,-0.3
GCAG,1914,4,-0.4009
GISTEMP,1914,5,-0.22
GCAG,1914,5,-0.3085
GISTEMP,1914,6,-0.26
GCAG,1914,6,-0.3109
GISTEMP,1914,7,-0.25
GCAG,1914,7,-0.2979
GISTEMP,1914,8,-0.17
GCAG,1914,8,-0.2454
GISTEMP,1914,9,-0.18
GCAG,1914,9,-0.3025
GISTEMP,1914,10,-0.04
GCAG,1914,10,-0.11
GISTEMP,1914,11,-0.17
GCAG,1914,11,-0.1815
GISTEMP,1914,12,-0.05
GCAG,1914,12,-0.2378
GISTEMP,1915,1,-0.22
GCAG,1915,1,-0.2835
GISTEMP,1915,2,-0.05
GCAG,1915,2,-0.2134
GISTEMP,1915,3,-0.1
GCAG,1915,3,-0.1953
GISTEMP,1915,4,0.06
GCAG,1915,4,-0.0856
GISTEMP,1915,5,-0.06
GCAG,1915,5,-0.1768
GISTEMP,1915,6,-0.23
GCAG,1915,6,-0.1744
GISTEMP,1915,7,-0.13
GCAG,1915,7,-0.1767
GISTEMP,1915,8,-0.22
GCAG,1915,8,-0.0641
GISTEMP,1915,9,-0.2
GCAG,1915,9,-0.1123
GISTEMP,1915,10,-0.25
GCAG,1915,10,-0.2824
GISTEMP,1915,11,-0.13
GCAG,1915,11,-0.1699
GISTEMP,1915,12,-0.21
GCAG,1915,12,-0.3525
GISTEMP,1916,1,-0.14
GCAG,1916,1,-0.3361
GISTEMP,1916,2,-0.16
GCAG,1916,2,-0.2649
GISTEMP,1916,3,-0.29
GCAG,1916,3,-0.4351
GISTEMP,1916,4,-0.31
GCAG,1916,4,-0.3806
GISTEMP,1916,5,-0.36
GCAG,1916,5,-0.4266
GISTEMP,1916,6,-0.5
GCAG,1916,6,-0.4979
GISTEMP,1916,7,-0.37
GCAG,1916,7,-0.3863
GISTEMP,1916,8,-0.28
GCAG,1916,8,-0.2966
GISTEMP,1916,9,-0.36
GCAG,1916,9,-0.3252
GISTEMP,1916,10,-0.33
GCAG,1916,10,-0.3724
GISTEMP,1916,11,-0.47
GCAG,1916,11,-0.5094
GISTEMP,1916,12,-0.82
GCAG,1916,12,-0.8117
GISTEMP,1917,1,-0.57
GCAG,1917,1,-0.6917
GISTEMP,1917,2,-0.62
GCAG,1917,2,-0.7163
GISTEMP,1917,3,-0.64
GCAG,1917,3,-0.7805
GISTEMP,1917,4,-0.55
GCAG,1917,4,-0.5436
GISTEMP,1917,5,-0.56
GCAG,1917,5,-0.6406
GISTEMP,1917,6,-0.44
GCAG,1917,6,-0.4784
GISTEMP,1917,7,-0.25
GCAG,1917,7,-0.2575
GISTEMP,1917,8,-0.23
GCAG,1917,8,-0.3389
GISTEMP,1917,9,-0.23
GCAG,1917,9,-0.3034
GISTEMP,1917,10,-0.44
GCAG,1917,10,-0.5334
GISTEMP,1917,11,-0.35
GCAG,1917,11,-0.455
GISTEMP,1917,12,-0.68
GCAG,1917,12,-0.7875
GISTEMP,1918,1,-0.48
GCAG,1918,1,-0.5188
GISTEMP,1918,2,-0.36
GCAG,1918,2,-0.6766
GISTEMP,1918,3,-0.27
GCAG,1918,3,-0.5822
GISTEMP,1918,4,-0.45
GCAG,1918,4,-0.6267
GISTEMP,1918,5,-0.44
GCAG,1918,5,-0.5273
GISTEMP,1918,6,-0.37
GCAG,1918,6,-0.3892
GISTEMP,1918,7,-0.32
GCAG,1918,7,-0.3706
GISTEMP,1918,8,-0.32
GCAG,1918,8,-0.4441
GISTEMP,1918,9,-0.18
GCAG,1918,9,-0.2743
GISTEMP,1918,10,-0.06
GCAG,1918,10,-0.1172
GISTEMP,1918,11,-0.12
GCAG,1918,11,-0.1686
GISTEMP,1918,12,-0.3
GCAG,1918,12,-0.4169
GISTEMP,1919,1,-0.21
GCAG,1919,1,-0.2429
GISTEMP,1919,2,-0.24
GCAG,1919,2,-0.2359
GISTEMP,1919,3,-0.22
GCAG,1919,3,-0.3936
GISTEMP,1919,4,-0.13
GCAG,1919,4,-0.2093
GISTEMP,1919,5,-0.29
GCAG,1919,5,-0.3125
GISTEMP,1919,6,-0.37
GCAG,1919,6,-0.3695
GISTEMP,1919,7,-0.3
GCAG,1919,7,-0.3206
GISTEMP,1919,8,-0.34
GCAG,1919,8,-0.2578
GISTEMP,1919,9,-0.26
GCAG,1919,9,-0.2943
GISTEMP,1919,10,-0.2
GCAG,1919,10,-0.2724
GISTEMP,1919,11,-0.42
GCAG,1919,11,-0.561
GISTEMP,1919,12,-0.43
GCAG,1919,12,-0.519
GISTEMP,1920,1,-0.26
GCAG,1920,1,-0.2755
GISTEMP,1920,2,-0.28
GCAG,1920,2,-0.5446
GISTEMP,1920,3,-0.13
GCAG,1920,3,-0.1686
GISTEMP,1920,4,-0.25
GCAG,1920,4,-0.3418
GISTEMP,1920,5,-0.27
GCAG,1920,5,-0.2598
GISTEMP,1920,6,-0.36
GCAG,1920,6,-0.2526
GISTEMP,1920,7,-0.31
GCAG,1920,7,-0.3184
GISTEMP,1920,8,-0.27
GCAG,1920,8,-0.2337
GISTEMP,1920,9,-0.22
GCAG,1920,9,-0.2052
GISTEMP,1920,10,-0.27
GCAG,1920,10,-0.2222
GISTEMP,1920,11,-0.28
GCAG,1920,11,-0.3387
GISTEMP,1920,12,-0.47
GCAG,1920,12,-0.4916
GISTEMP,1921,1,-0.05
GCAG,1921,1,-0.2301
GISTEMP,1921,2,-0.18
GCAG,1921,2,-0.2953
GISTEMP,1921,3,-0.23
GCAG,1921,3,-0.3482
GISTEMP,1921,4,-0.3
GCAG,1921,4,-0.2941
GISTEMP,1921,5,-0.3
GCAG,1921,5,-0.3004
GISTEMP,1921,6,-0.27
GCAG,1921,6,-0.1594
GISTEMP,1921,7,-0.15
GCAG,1921,7,-0.1521
GISTEMP,1921,8,-0.26
GCAG,1921,8,-0.3168
GISTEMP,1921,9,-0.19
GCAG,1921,9,-0.1971
GISTEMP,1921,10,-0.03
GCAG,1921,10,-0.1293
GISTEMP,1921,11,-0.15
GCAG,1921,11,-0.1936
GISTEMP,1921,12,-0.18
GCAG,1921,12,-0.2804
GISTEMP,1922,1,-0.34
GCAG,1922,1,-0.4184
GISTEMP,1922,2,-0.45
GCAG,1922,2,-0.4057
GISTEMP,1922,3,-0.15
GCAG,1922,3,-0.3304
GISTEMP,1922,4,-0.23
GCAG,1922,4,-0.2948
GISTEMP,1922,5,-0.33
GCAG,1922,5,-0.4678
GISTEMP,1922,6,-0.31
GCAG,1922,6,-0.2967
GISTEMP,1922,7,-0.27
GCAG,1922,7,-0.2639
GISTEMP,1922,8,-0.33
GCAG,1922,8,-0.354
GISTEMP,1922,9,-0.35
GCAG,1922,9,-0.3167
GISTEMP,1922,10,-0.31
GCAG,1922,10,-0.3473
GISTEMP,1922,11,-0.14
GCAG,1922,11,-0.2544
GISTEMP,1922,12,-0.2
GCAG,1922,12,-0.3075
GISTEMP,1923,1,-0.28
GCAG,1923,1,-0.4036
GISTEMP,1923,2,-0.4
GCAG,1923,2,-0.4884
GISTEMP,1923,3,-0.34
GCAG,1923,3,-0.4596
GISTEMP,1923,4,-0.42
GCAG,1923,4,-0.4076
GISTEMP,1923,5,-0.34
GCAG,1923,5,-0.4008
GISTEMP,1923,6,-0.29
GCAG,1923,6,-0.26
GISTEMP,1923,7,-0.31
GCAG,1923,7,-0.4143
GISTEMP,1923,8,-0.34
GCAG,1923,8,-0.3212
GISTEMP,1923,9,-0.31
GCAG,1923,9,-0.3336
GISTEMP,1923,10,-0.13
GCAG,1923,10,-0.1685
GISTEMP,1923,11,-0.03
GCAG,1923,11,-0.0251
GISTEMP,1923,12,-0.04
GCAG,1923,12,-0.0919
GISTEMP,1924,1,-0.23
GCAG,1924,1,-0.3281
GISTEMP,1924,2,-0.23
GCAG,1924,2,-0.3097
GISTEMP,1924,3,-0.09
GCAG,1924,3,-0.1775
GISTEMP,1924,4,-0.3
GCAG,1924,4,-0.338
GISTEMP,1924,5,-0.18
GCAG,1924,5,-0.2118
GISTEMP,1924,6,-0.26
GCAG,1924,6,-0.2697
GISTEMP,1924,7,-0.29
GCAG,1924,7,-0.2963
GISTEMP,1924,8,-0.36
GCAG,1924,8,-0.3136
GISTEMP,1924,9,-0.32
GCAG,1924,9,-0.3255
GISTEMP,1924,10,-0.35
GCAG,1924,10,-0.3591
GISTEMP,1924,11,-0.21
GCAG,1924,11,-0.2828
GISTEMP,1924,12,-0.43
GCAG,1924,12,-0.49
GISTEMP,1925,1,-0.38
GCAG,1925,1,-0.4845
GISTEMP,1925,2,-0.39
GCAG,1925,2,-0.4742
GISTEMP,1925,3,-0.27
GCAG,1925,3,-0.374
GISTEMP,1925,4,-0.26
GCAG,1925,4,-0.3008
GISTEMP,1925,5,-0.3
GCAG,1925,5,-0.3074
GISTEMP,1925,6,-0.33
GCAG,1925,6,-0.3401
GISTEMP,1925,7,-0.27
GCAG,1925,7,-0.3373
GISTEMP,1925,8,-0.21
GCAG,1925,8,-0.1661
GISTEMP,1925,9,-0.2
GCAG,1925,9,-0.2543
GISTEMP,1925,10,-0.18
GCAG,1925,10,-0.2828
GISTEMP,1925,11,0.05
GCAG,1925,11,-0.0523
GISTEMP,1925,12,0.06
GCAG,1925,12,0.0186
GISTEMP,1926,1,0.21
GCAG,1926,1,0.0818
GISTEMP,1926,2,0.02
GCAG,1926,2,-0.0368
GISTEMP,1926,3,0.11
GCAG,1926,3,0.0212
GISTEMP,1926,4,-0.13
GCAG,1926,4,-0.16
GISTEMP,1926,5,-0.23
GCAG,1926,5,-0.2666
GISTEMP,1926,6,-0.26
GCAG,1926,6,-0.1807
GISTEMP,1926,7,-0.27
GCAG,1926,7,-0.2092
GISTEMP,1926,8,-0.13
GCAG,1926,8,-0.1015
GISTEMP,1926,9,-0.14
GCAG,1926,9,-0.1179
GISTEMP,1926,10,-0.11
GCAG,1926,10,-0.0691
GISTEMP,1926,11,-0.07
GCAG,1926,11,-0.1098
GISTEMP,1926,12,-0.3
GCAG,1926,12,-0.3168
GISTEMP,1927,1,-0.27
GCAG,1927,1,-0.3099
GISTEMP,1927,2,-0.18
GCAG,1927,2,-0.2064
GISTEMP,1927,3,-0.39
GCAG,1927,3,-0.4084
GISTEMP,1927,4,-0.31
GCAG,1927,4,-0.3155
GISTEMP,1927,5,-0.26
GCAG,1927,5,-0.2315
GISTEMP,1927,6,-0.28
GCAG,1927,6,-0.2498
GISTEMP,1927,7,-0.19
GCAG,1927,7,-0.2109
GISTEMP,1927,8,-0.24
GCAG,1927,8,-0.2071
GISTEMP,1927,9,-0.13
GCAG,1927,9,-0.1089
GISTEMP,1927,10,-0.01
GCAG,1927,10,-0.0214
GISTEMP,1927,11,-0.06
GCAG,1927,11,-0.1204
GISTEMP,1927,12,-0.33
GCAG,1927,12,-0.3198
GISTEMP,1928,1,-0.03
GCAG,1928,1,-0.0248
GISTEMP,1928,2,-0.09
GCAG,1928,2,-0.1227
GISTEMP,1928,3,-0.25
GCAG,1928,3,-0.3181
GISTEMP,1928,4,-0.29
GCAG,1928,4,-0.236
GISTEMP,1928,5,-0.3
GCAG,1928,5,-0.3022
GISTEMP,1928,6,-0.39
GCAG,1928,6,-0.3324
GISTEMP,1928,7,-0.19
GCAG,1928,7,-0.1904
GISTEMP,1928,8,-0.22
GCAG,1928,8,-0.1774
GISTEMP,1928,9,-0.21
GCAG,1928,9,-0.2067
GISTEMP,1928,10,-0.19
GCAG,1928,10,-0.1866
GISTEMP,1928,11,-0.1
GCAG,1928,11,-0.1723
GISTEMP,1928,12,-0.16
GCAG,1928,12,-0.2315
GISTEMP,1929,1,-0.45
GCAG,1929,1,-0.4341
GISTEMP,1929,2,-0.58
GCAG,1929,2,-0.6011
GISTEMP,1929,3,-0.33
GCAG,1929,3,-0.4851
GISTEMP,1929,4,-0.41
GCAG,1929,4,-0.4408
GISTEMP,1929,5,-0.38
GCAG,1929,5,-0.4348
GISTEMP,1929,6,-0.43
GCAG,1929,6,-0.4039
GISTEMP,1929,7,-0.37
GCAG,1929,7,-0.4356
GISTEMP,1929,8,-0.32
GCAG,1929,8,-0.2621
GISTEMP,1929,9,-0.25
GCAG,1929,9,-0.2734
GISTEMP,1929,10,-0.15
GCAG,1929,10,-0.2142
GISTEMP,1929,11,-0.12
GCAG,1929,11,-0.1371
GISTEMP,1929,12,-0.55
GCAG,1929,12,-0.5616
GISTEMP,1930,1,-0.31
GCAG,1930,1,-0.3582
GISTEMP,1930,2,-0.27
GCAG,1930,2,-0.338
GISTEMP,1930,3,-0.11
GCAG,1930,3,-0.2442
GISTEMP,1930,4,-0.25
GCAG,1930,4,-0.2242
GISTEMP,1930,5,-0.24
GCAG,1930,5,-0.2469
GISTEMP,1930,6,-0.22
GCAG,1930,6,-0.1968
GISTEMP,1930,7,-0.21
GCAG,1930,7,-0.1798
GISTEMP,1930,8,-0.15
GCAG,1930,8,-0.0902
GISTEMP,1930,9,-0.15
GCAG,1930,9,-0.0928
GISTEMP,1930,10,-0.11
GCAG,1930,10,-0.0811
GISTEMP,1930,11,0.17
GCAG,1930,11,0.069
GISTEMP,1930,12,-0.06
GCAG,1930,12,-0.0553
GISTEMP,1931,1,-0.1
GCAG,1931,1,-0.1273
GISTEMP,1931,2,-0.21
GCAG,1931,2,-0.2538
GISTEMP,1931,3,-0.11
GCAG,1931,3,-0.114
GISTEMP,1931,4,-0.23
GCAG,1931,4,-0.1813
GISTEMP,1931,5,-0.2
GCAG,1931,5,-0.2014
GISTEMP,1931,6,-0.08
GCAG,1931,6,-0.0233
GISTEMP,1931,7,-0.03
GCAG,1931,7,-0.0103
GISTEMP,1931,8,-0.03
GCAG,1931,8,-0.0356
GISTEMP,1931,9,-0.06
GCAG,1931,9,-0.0501
GISTEMP,1931,10,0.06
GCAG,1931,10,-0.0225
GISTEMP,1931,11,-0.06
GCAG,1931,11,-0.1493
GISTEMP,1931,12,-0.05
GCAG,1931,12,-0.101
GISTEMP,1932,1,0.15
GCAG,1932,1,0.0702
GISTEMP,1932,2,-0.17
GCAG,1932,2,-0.1882
GISTEMP,1932,3,-0.18
GCAG,1932,3,-0.2011
GISTEMP,1932,4,-0.06
GCAG,1932,4,-0.0769
GISTEMP,1932,5,-0.18
GCAG,1932,5,-0.1672
GISTEMP,1932,6,-0.29
GCAG,1932,6,-0.2564
GISTEMP,1932,7,-0.25
GCAG,1932,7,-0.1337
GISTEMP,1932,8,-0.21
GCAG,1932,8,-0.1876
GISTEMP,1932,9,-0.1
GCAG,1932,9,-0.0026
GISTEMP,1932,10,-0.09
GCAG,1932,10,-0.0941
GISTEMP,1932,11,-0.28
GCAG,1932,11,-0.2959
GISTEMP,1932,12,-0.27
GCAG,1932,12,-0.2664
GISTEMP,1933,1,-0.24
GCAG,1933,1,-0.3241
GISTEMP,1933,2,-0.3
GCAG,1933,2,-0.3488
GISTEMP,1933,3,-0.3
GCAG,1933,3,-0.4006
GISTEMP,1933,4,-0.25
GCAG,1933,4,-0.3026
GISTEMP,1933,5,-0.29
GCAG,1933,5,-0.2909
GISTEMP,1933,6,-0.34
GCAG,1933,6,-0.327
GISTEMP,1933,7,-0.21
GCAG,1933,7,-0.294
GISTEMP,1933,8,-0.23
GCAG,1933,8,-0.154
GISTEMP,1933,9,-0.29
GCAG,1933,9,-0.3282
GISTEMP,1933,10,-0.25
GCAG,1933,10,-0.2487
GISTEMP,1933,11,-0.31
GCAG,1933,11,-0.4061
GISTEMP,1933,12,-0.45
GCAG,1933,12,-0.5148
GISTEMP,1934,1,-0.21
GCAG,1934,1,-0.3303
GISTEMP,1934,2,-0.03
GCAG,1934,2,-0.1481
GISTEMP,1934,3,-0.29
GCAG,1934,3,-0.4294
GISTEMP,1934,4,-0.31
GCAG,1934,4,-0.3849
GISTEMP,1934,5,-0.1
GCAG,1934,5,-0.1496
GISTEMP,1934,6,-0.15
GCAG,1934,6,-0.0905
GISTEMP,1934,7,-0.1
GCAG,1934,7,-0.18
GISTEMP,1934,8,-0.12
GCAG,1934,8,-0.1165
GISTEMP,1934,9,-0.15
GCAG,1934,9,-0.1392
GISTEMP,1934,10,-0.06
GCAG,1934,10,-0.0832
GISTEMP,1934,11,0.03
GCAG,1934,11,0.0356
GISTEMP,1934,12,-0.03
GCAG,1934,12,-0.1086
GISTEMP,1935,1,-0.34
GCAG,1935,1,-0.3574
GISTEMP,1935,2,0.14
GCAG,1935,2,0.0407
GISTEMP,1935,3,-0.14
GCAG,1935,3,-0.2329
GISTEMP,1935,4,-0.37
GCAG,1935,4,-0.3315
GISTEMP,1935,5,-0.29
GCAG,1935,5,-0.3295
GISTEMP,1935,6,-0.27
GCAG,1935,6,-0.2178
GISTEMP,1935,7,-0.21
GCAG,1935,7,-0.1501
GISTEMP,1935,8,-0.22
GCAG,1935,8,-0.1496
GISTEMP,1935,9,-0.21
GCAG,1935,9,-0.1936
GISTEMP,1935,10,-0.06
GCAG,1935,10,-0.0537
GISTEMP,1935,11,-0.26
GCAG,1935,11,-0.3264
GISTEMP,1935,12,-0.17
GCAG,1935,12,-0.2525
GISTEMP,1936,1,-0.28
GCAG,1936,1,-0.3934
GISTEMP,1936,2,-0.38
GCAG,1936,2,-0.3393
GISTEMP,1936,3,-0.21
GCAG,1936,3,-0.3344
GISTEMP,1936,4,-0.2
GCAG,1936,4,-0.1963
GISTEMP,1936,5,-0.16
GCAG,1936,5,-0.1785
GISTEMP,1936,6,-0.22
GCAG,1936,6,-0.1498
GISTEMP,1936,7,-0.1
GCAG,1936,7,-0.0791
GISTEMP,1936,8,-0.13
GCAG,1936,8,-0.0707
GISTEMP,1936,9,-0.09
GCAG,1936,9,-0.1088
GISTEMP,1936,10,-0.03
GCAG,1936,10,-0.0399
GISTEMP,1936,11,0.01
GCAG,1936,11,-0.0632
GISTEMP,1936,12,-0.01
GCAG,1936,12,-0.0983
GISTEMP,1937,1,-0.07
GCAG,1937,1,-0.1245
GISTEMP,1937,2,0.03
GCAG,1937,2,0.0721
GISTEMP,1937,3,-0.2
GCAG,1937,3,-0.2616
GISTEMP,1937,4,-0.16
GCAG,1937,4,-0.1182
GISTEMP,1937,5,-0.06
GCAG,1937,5,-0.0896
GISTEMP,1937,6,-0.05
GCAG,1937,6,-0.0065
GISTEMP,1937,7,-0.03
GCAG,1937,7,0.0245
GISTEMP,1937,8,0.01
GCAG,1937,8,0.041
GISTEMP,1937,9,0.09
GCAG,1937,9,0.1475
GISTEMP,1937,10,0.08
GCAG,1937,10,0.1312
GISTEMP,1937,11,0.08
GCAG,1937,11,0.0656
GISTEMP,1937,12,-0.08
GCAG,1937,12,-0.0741
GISTEMP,1938,1,0.08
GCAG,1938,1,0.045
GISTEMP,1938,2,0.04
GCAG,1938,2,-0.0142
GISTEMP,1938,3,0.1
GCAG,1938,3,-0.0253
GISTEMP,1938,4,0.06
GCAG,1938,4,0.0337
GISTEMP,1938,5,-0.1
GCAG,1938,5,-0.1035
GISTEMP,1938,6,-0.17
GCAG,1938,6,-0.092
GISTEMP,1938,7,-0.09
GCAG,1938,7,-0.0445
GISTEMP,1938,8,-0.05
GCAG,1938,8,0.0017
GISTEMP,1938,9,0.01
GCAG,1938,9,0.0246
GISTEMP,1938,10,0.14
GCAG,1938,10,0.1658
GISTEMP,1938,11,0.07
GCAG,1938,11,0.0524
GISTEMP,1938,12,-0.13
GCAG,1938,12,-0.1983
GISTEMP,1939,1,-0.05
GCAG,1939,1,-0.1147
GISTEMP,1939,2,-0.06
GCAG,1939,2,-0.1207
GISTEMP,1939,3,-0.18
GCAG,1939,3,-0.2948
GISTEMP,1939,4,-0.1
GCAG,1939,4,-0.1165
GISTEMP,1939,5,-0.04
GCAG,1939,5,-0.0399
GISTEMP,1939,6,-0.07
GCAG,1939,6,0.0155
GISTEMP,1939,7,-0.05
GCAG,1939,7,-0.0361
GISTEMP,1939,8,-0.06
GCAG,1939,8,-0.0362
GISTEMP,1939,9,-0.07
GCAG,1939,9,-0.0153
GISTEMP,1939,10,-0.04
GCAG,1939,10,-0.1009
GISTEMP,1939,11,0.07
GCAG,1939,11,0.0207
GISTEMP,1939,12,0.42
GCAG,1939,12,0.3372
GISTEMP,1940,1,-0.01
GCAG,1940,1,-0.0468
GISTEMP,1940,2,0.08
GCAG,1940,2,0.0802
GISTEMP,1940,3,0.09
GCAG,1940,3,-0.043
GISTEMP,1940,4,0.17
GCAG,1940,4,0.1428
GISTEMP,1940,5,0.1
GCAG,1940,5,0.0354
GISTEMP,1940,6,0.11
GCAG,1940,6,0.0434
GISTEMP,1940,7,0.12
GCAG,1940,7,0.1479
GISTEMP,1940,8,0.06
GCAG,1940,8,0.1017
GISTEMP,1940,9,0.15
GCAG,1940,9,0.1286
GISTEMP,1940,10,0.1
GCAG,1940,10,0.0977
GISTEMP,1940,11,0.16
GCAG,1940,11,-0.0021
GISTEMP,1940,12,0.31
GCAG,1940,12,0.2
GISTEMP,1941,1,0.17
GCAG,1941,1,-0.0436
GISTEMP,1941,2,0.3
GCAG,1941,2,0.1119
GISTEMP,1941,3,0.09
GCAG,1941,3,-0.1231
GISTEMP,1941,4,0.15
GCAG,1941,4,0.033
GISTEMP,1941,5,0.16
GCAG,1941,5,0.058
GISTEMP,1941,6,0.13
GCAG,1941,6,0.0549
GISTEMP,1941,7,0.21
GCAG,1941,7,0.1563
GISTEMP,1941,8,0.14
GCAG,1941,8,0.036
GISTEMP,1941,9,0.02
GCAG,1941,9,-0.1468
GISTEMP,1941,10,0.35
GCAG,1941,10,0.2104
GISTEMP,1941,11,0.22
GCAG,1941,11,-0.0126
GISTEMP,1941,12,0.21
GCAG,1941,12,0.0776
GISTEMP,1942,1,0.29
GCAG,1942,1,0.2497
GISTEMP,1942,2,0.02
GCAG,1942,2,0.0155
GISTEMP,1942,3,0.05
GCAG,1942,3,-0.0453
GISTEMP,1942,4,0.09
GCAG,1942,4,-0.009
GISTEMP,1942,5,0.11
GCAG,1942,5,0.1224
GISTEMP,1942,6,0.04
GCAG,1942,6,0.0273
GISTEMP,1942,7,0.0
GCAG,1942,7,-0.0625
GISTEMP,1942,8,-0.04
GCAG,1942,8,-0.0611
GISTEMP,1942,9,-0.03
GCAG,1942,9,-0.0143
GISTEMP,1942,10,0.01
GCAG,1942,10,-0.0926
GISTEMP,1942,11,0.09
GCAG,1942,11,-0.0558
GISTEMP,1942,12,0.12
GCAG,1942,12,-0.0805
GISTEMP,1943,1,-0.01
GCAG,1943,1,-0.191
GISTEMP,1943,2,0.17
GCAG,1943,2,-0.027
GISTEMP,1943,3,-0.04
GCAG,1943,3,-0.1638
GISTEMP,1943,4,0.11
GCAG,1943,4,0.0224
GISTEMP,1943,5,0.06
GCAG,1943,5,0.0329
GISTEMP,1943,6,-0.05
GCAG,1943,6,-0.078
GISTEMP,1943,7,0.08
GCAG,1943,7,0.0208
GISTEMP,1943,8,0.01
GCAG,1943,8,0.0309
GISTEMP,1943,9,0.05
GCAG,1943,9,-0.0146
GISTEMP,1943,10,0.23
GCAG,1943,10,0.2303
GISTEMP,1943,11,0.2
GCAG,1943,11,0.1036
GISTEMP,1943,12,0.23
GCAG,1943,12,0.1098
GISTEMP,1944,1,0.35
GCAG,1944,1,0.3245
GISTEMP,1944,2,0.24
GCAG,1944,2,0.1244
GISTEMP,1944,3,0.26
GCAG,1944,3,0.1158
GISTEMP,1944,4,0.19
GCAG,1944,4,0.044
GISTEMP,1944,5,0.18
GCAG,1944,5,0.1184
GISTEMP,1944,6,0.15
GCAG,1944,6,0.1056
GISTEMP,1944,7,0.17
GCAG,1944,7,0.148
GISTEMP,1944,8,0.18
GCAG,1944,8,0.2068
GISTEMP,1944,9,0.28
GCAG,1944,9,0.1647
GISTEMP,1944,10,0.27
GCAG,1944,10,0.2101
GISTEMP,1944,11,0.11
GCAG,1944,11,0.0901
GISTEMP,1944,12,0.04
GCAG,1944,12,0.0831
GISTEMP,1945,1,0.1
GCAG,1945,1,0.093
GISTEMP,1945,2,0.01
GCAG,1945,2,0.0452
GISTEMP,1945,3,0.06
GCAG,1945,3,0.0349
GISTEMP,1945,4,0.2
GCAG,1945,4,0.2092
GISTEMP,1945,5,0.06
GCAG,1945,5,-0.0613
GISTEMP,1945,6,0.01
GCAG,1945,6,-0.0401
GISTEMP,1945,7,0.04
GCAG,1945,7,0.0026
GISTEMP,1945,8,0.26
GCAG,1945,8,0.2379
GISTEMP,1945,9,0.2
GCAG,1945,9,0.1041
GISTEMP,1945,10,0.19
GCAG,1945,10,0.0934
GISTEMP,1945,11,0.07
GCAG,1945,11,-0.0029
GISTEMP,1945,12,-0.07
GCAG,1945,12,-0.2013
GISTEMP,1946,1,0.15
GCAG,1946,1,0.0406
GISTEMP,1946,2,0.03
GCAG,1946,2,-0.1237
GISTEMP,1946,3,0.01
GCAG,1946,3,-0.1308
GISTEMP,1946,4,0.06
GCAG,1946,4,-0.0054
GISTEMP,1946,5,-0.07
GCAG,1946,5,-0.0837
GISTEMP,1946,6,-0.21
GCAG,1946,6,-0.2698
GISTEMP,1946,7,-0.12
GCAG,1946,7,-0.1126
GISTEMP,1946,8,-0.2
GCAG,1946,8,-0.1574
GISTEMP,1946,9,-0.07
GCAG,1946,9,-0.0978
GISTEMP,1946,10,-0.08
GCAG,1946,10,-0.0711
GISTEMP,1946,11,-0.05
GCAG,1946,11,-0.1144
GISTEMP,1946,12,-0.31
GCAG,1946,12,-0.3468
GISTEMP,1947,1,-0.07
GCAG,1947,1,-0.1567
GISTEMP,1947,2,-0.08
GCAG,1947,2,-0.1459
GISTEMP,1947,3,0.07
GCAG,1947,3,-0.0797
GISTEMP,1947,4,0.06
GCAG,1947,4,-0.0621
GISTEMP,1947,5,-0.01
GCAG,1947,5,-0.0768
GISTEMP,1947,6,-0.02
GCAG,1947,6,-0.0936
GISTEMP,1947,7,-0.04
GCAG,1947,7,-0.071
GISTEMP,1947,8,-0.07
GCAG,1947,8,-0.119
GISTEMP,1947,9,-0.12
GCAG,1947,9,-0.167
GISTEMP,1947,10,0.08
GCAG,1947,10,0.0318
GISTEMP,1947,11,0.03
GCAG,1947,11,0.0243
GISTEMP,1947,12,-0.13
GCAG,1947,12,-0.2362
GISTEMP,1948,1,0.06
GCAG,1948,1,-0.0227
GISTEMP,1948,2,-0.15
GCAG,1948,2,-0.2402
GISTEMP,1948,3,-0.24
GCAG,1948,3,-0.2909
GISTEMP,1948,4,-0.12
GCAG,1948,4,-0.1197
GISTEMP,1948,5,-0.01
GCAG,1948,5,0.0516
GISTEMP,1948,6,-0.05
GCAG,1948,6,-0.0143
GISTEMP,1948,7,-0.11
GCAG,1948,7,-0.135
GISTEMP,1948,8,-0.11
GCAG,1948,8,-0.0493
GISTEMP,1948,9,-0.14
GCAG,1948,9,-0.1398
GISTEMP,1948,10,-0.05
GCAG,1948,10,-0.0609
GISTEMP,1948,11,-0.12
GCAG,1948,11,-0.1787
GISTEMP,1948,12,-0.23
GCAG,1948,12,-0.3503
GISTEMP,1949,1,0.07
GCAG,1949,1,-0.0285
GISTEMP,1949,2,-0.14
GCAG,1949,2,-0.2479
GISTEMP,1949,3,-0.02
GCAG,1949,3,-0.1205
GISTEMP,1949,4,-0.11
GCAG,1949,4,-0.1566
GISTEMP,1949,5,-0.1
GCAG,1949,5,-0.1187
GISTEMP,1949,6,-0.27
GCAG,1949,6,-0.2428
GISTEMP,1949,7,-0.13
GCAG,1949,7,-0.1906
GISTEMP,1949,8,-0.13
GCAG,1949,8,-0.0861
GISTEMP,1949,9,-0.14
GCAG,1949,9,-0.1369
GISTEMP,1949,10,-0.06
GCAG,1949,10,-0.1005
GISTEMP,1949,11,-0.1
GCAG,1949,11,-0.1944
GISTEMP,1949,12,-0.18
GCAG,1949,12,-0.2229
GISTEMP,1950,1,-0.26
GCAG,1950,1,-0.3121
GISTEMP,1950,2,-0.27
GCAG,1950,2,-0.3817
GISTEMP,1950,3,-0.07
GCAG,1950,3,-0.2301
GISTEMP,1950,4,-0.21
GCAG,1950,4,-0.2536
GISTEMP,1950,5,-0.11
GCAG,1950,5,-0.156
GISTEMP,1950,6,-0.05
GCAG,1950,6,-0.1163
GISTEMP,1950,7,-0.08
GCAG,1950,7,-0.1214
GISTEMP,1950,8,-0.16
GCAG,1950,8,-0.1675
GISTEMP,1950,9,-0.11
GCAG,1950,9,-0.2576
GISTEMP,1950,10,-0.2
GCAG,1950,10,-0.2143
GISTEMP,1950,11,-0.34
GCAG,1950,11,-0.3954
GISTEMP,1950,12,-0.22
GCAG,1950,12,-0.2699
GISTEMP,1951,1,-0.34
GCAG,1951,1,-0.373
GISTEMP,1951,2,-0.41
GCAG,1951,2,-0.5211
GISTEMP,1951,3,-0.2
GCAG,1951,3,-0.2758
GISTEMP,1951,4,-0.14
GCAG,1951,4,-0.1205
GISTEMP,1951,5,0.0
GCAG,1951,5,0.0196
GISTEMP,1951,6,-0.07
GCAG,1951,6,0.0497
GISTEMP,1951,7,-0.01
GCAG,1951,7,0.0268
GISTEMP,1951,8,0.06
GCAG,1951,8,0.1107
GISTEMP,1951,9,0.05
GCAG,1951,9,0.1212
GISTEMP,1951,10,0.08
GCAG,1951,10,0.1161
GISTEMP,1951,11,-0.01
GCAG,1951,11,-0.0822
GISTEMP,1951,12,0.16
GCAG,1951,12,0.0661
GISTEMP,1952,1,0.11
GCAG,1952,1,0.0889
GISTEMP,1952,2,0.11
GCAG,1952,2,0.062
GISTEMP,1952,3,-0.08
GCAG,1952,3,-0.1676
GISTEMP,1952,4,0.03
GCAG,1952,4,0.0386
GISTEMP,1952,5,-0.03
GCAG,1952,5,0.0168
GISTEMP,1952,6,-0.03
GCAG,1952,6,0.0153
GISTEMP,1952,7,0.04
GCAG,1952,7,0.0841
GISTEMP,1952,8,0.05
GCAG,1952,8,0.0941
GISTEMP,1952,9,0.07
GCAG,1952,9,0.0903
GISTEMP,1952,10,0.0
GCAG,1952,10,-0.0217
GISTEMP,1952,11,-0.13
GCAG,1952,11,-0.1298
GISTEMP,1952,12,-0.02
GCAG,1952,12,-0.0413
GISTEMP,1953,1,0.07
GCAG,1953,1,-0.0095
GISTEMP,1953,2,0.15
GCAG,1953,2,0.0927
GISTEMP,1953,3,0.11
GCAG,1953,3,0.0101
GISTEMP,1953,4,0.19
GCAG,1953,4,0.2246
GISTEMP,1953,5,0.11
GCAG,1953,5,0.1486
GISTEMP,1953,6,0.12
GCAG,1953,6,0.1406
GISTEMP,1953,7,0.01
GCAG,1953,7,0.0429
GISTEMP,1953,8,0.05
GCAG,1953,8,0.0878
GISTEMP,1953,9,0.04
GCAG,1953,9,0.0871
GISTEMP,1953,10,0.08
GCAG,1953,10,0.0842
GISTEMP,1953,11,-0.03
GCAG,1953,11,-0.0065
GISTEMP,1953,12,0.05
GCAG,1953,12,0.0212
GISTEMP,1954,1,-0.25
GCAG,1954,1,-0.2438
GISTEMP,1954,2,-0.1
GCAG,1954,2,-0.0905
GISTEMP,1954,3,-0.15
GCAG,1954,3,-0.1827
GISTEMP,1954,4,-0.14
GCAG,1954,4,-0.1163
GISTEMP,1954,5,-0.2
GCAG,1954,5,-0.171
GISTEMP,1954,6,-0.19
GCAG,1954,6,-0.1318
GISTEMP,1954,7,-0.19
GCAG,1954,7,-0.1975
GISTEMP,1954,8,-0.17
GCAG,1954,8,-0.1017
GISTEMP,1954,9,-0.1
GCAG,1954,9,-0.1146
GISTEMP,1954,10,-0.02
GCAG,1954,10,-0.0125
GISTEMP,1954,11,0.08
GCAG,1954,11,0.117
GISTEMP,1954,12,-0.18
GCAG,1954,12,-0.165
GISTEMP,1955,1,0.13
GCAG,1955,1,0.1074
GISTEMP,1955,2,-0.16
GCAG,1955,2,-0.1931
GISTEMP,1955,3,-0.32
GCAG,1955,3,-0.3986
GISTEMP,1955,4,-0.22
GCAG,1955,4,-0.2308
GISTEMP,1955,5,-0.2
GCAG,1955,5,-0.2381
GISTEMP,1955,6,-0.13
GCAG,1955,6,-0.1791
GISTEMP,1955,7,-0.11
GCAG,1955,7,-0.2096
GISTEMP,1955,8,0.02
GCAG,1955,8,-0.0896
GISTEMP,1955,9,-0.11
GCAG,1955,9,-0.1439
GISTEMP,1955,10,-0.05
GCAG,1955,10,-0.1159
GISTEMP,1955,11,-0.25
GCAG,1955,11,-0.3252
GISTEMP,1955,12,-0.28
GCAG,1955,12,-0.3677
GISTEMP,1956,1,-0.13
GCAG,1956,1,-0.2387
GISTEMP,1956,2,-0.24
GCAG,1956,2,-0.2878
GISTEMP,1956,3,-0.21
GCAG,1956,3,-0.3621
GISTEMP,1956,4,-0.28
GCAG,1956,4,-0.3088
GISTEMP,1956,5,-0.29
GCAG,1956,5,-0.3358
GISTEMP,1956,6,-0.15
GCAG,1956,6,-0.2291
GISTEMP,1956,7,-0.09
GCAG,1956,7,-0.2101
GISTEMP,1956,8,-0.26
GCAG,1956,8,-0.2909
GISTEMP,1956,9,-0.19
GCAG,1956,9,-0.2742
GISTEMP,1956,10,-0.23
GCAG,1956,10,-0.2644
GISTEMP,1956,11,-0.15
GCAG,1956,11,-0.2197
GISTEMP,1956,12,-0.07
GCAG,1956,12,-0.158
GISTEMP,1957,1,-0.09
GCAG,1957,1,-0.2187
GISTEMP,1957,2,-0.03
GCAG,1957,2,-0.1591
GISTEMP,1957,3,-0.05
GCAG,1957,3,-0.1985
GISTEMP,1957,4,0.0
GCAG,1957,4,-0.0405
GISTEMP,1957,5,0.09
GCAG,1957,5,0.0336
GISTEMP,1957,6,0.15
GCAG,1957,6,0.065
GISTEMP,1957,7,0.02
GCAG,1957,7,-0.0617
GISTEMP,1957,8,0.15
GCAG,1957,8,0.0724
GISTEMP,1957,9,0.08
GCAG,1957,9,0.0406
GISTEMP,1957,10,0.01
GCAG,1957,10,-0.0002
GISTEMP,1957,11,0.08
GCAG,1957,11,-0.0043
GISTEMP,1957,12,0.15
GCAG,1957,12,0.0524
GISTEMP,1958,1,0.39
GCAG,1958,1,0.2579
GISTEMP,1958,2,0.22
GCAG,1958,2,0.0913
GISTEMP,1958,3,0.08
GCAG,1958,3,0.0061
GISTEMP,1958,4,0.01
GCAG,1958,4,-0.068
GISTEMP,1958,5,0.06
GCAG,1958,5,0.0165
GISTEMP,1958,6,-0.09
GCAG,1958,6,-0.1536
GISTEMP,1958,7,0.05
GCAG,1958,7,-0.0184
GISTEMP,1958,8,-0.05
GCAG,1958,8,-0.0817
GISTEMP,1958,9,-0.03
GCAG,1958,9,-0.1117
GISTEMP,1958,10,0.04
GCAG,1958,10,-0.0168
GISTEMP,1958,11,0.02
GCAG,1958,11,-0.0373
GISTEMP,1958,12,0.01
GCAG,1958,12,-0.0819
GISTEMP,1959,1,0.08
GCAG,1959,1,0.0153
GISTEMP,1959,2,0.07
GCAG,1959,2,-0.0074
GISTEMP,1959,3,0.18
GCAG,1959,3,0.0181
GISTEMP,1959,4,0.16
GCAG,1959,4,0.0286
GISTEMP,1959,5,0.04
GCAG,1959,5,-0.0388
GISTEMP,1959,6,0.03
GCAG,1959,6,-0.0009
GISTEMP,1959,7,0.03
GCAG,1959,7,-0.04
GISTEMP,1959,8,-0.01
GCAG,1959,8,-0.0384
GISTEMP,1959,9,-0.07
GCAG,1959,9,-0.1399
GISTEMP,1959,10,-0.07
GCAG,1959,10,-0.0704
GISTEMP,1959,11,-0.08
GCAG,1959,11,-0.183
GISTEMP,1959,12,-0.01
GCAG,1959,12,-0.1016
GISTEMP,1960,1,0.0
GCAG,1960,1,-0.1128
GISTEMP,1960,2,0.13
GCAG,1960,2,0.0239
GISTEMP,1960,3,-0.35
GCAG,1960,3,-0.444
GISTEMP,1960,4,-0.15
GCAG,1960,4,-0.2611
GISTEMP,1960,5,-0.08
GCAG,1960,5,-0.1765
GISTEMP,1960,6,-0.04
GCAG,1960,6,-0.1237
GISTEMP,1960,7,-0.04
GCAG,1960,7,-0.1108
GISTEMP,1960,8,0.02
GCAG,1960,8,-0.0014
GISTEMP,1960,9,0.07
GCAG,1960,9,0.0048
GISTEMP,1960,10,0.06
GCAG,1960,10,-0.029
GISTEMP,1960,11,-0.11
GCAG,1960,11,-0.2135
GISTEMP,1960,12,0.19
GCAG,1960,12,0.0836
GISTEMP,1961,1,0.07
GCAG,1961,1,-0.0464
GISTEMP,1961,2,0.19
GCAG,1961,2,0.0967
GISTEMP,1961,3,0.09
GCAG,1961,3,-0.0552
GISTEMP,1961,4,0.13
GCAG,1961,4,0.0664
GISTEMP,1961,5,0.12
GCAG,1961,5,0.0737
GISTEMP,1961,6,0.11
GCAG,1961,6,0.092
GISTEMP,1961,7,0.01
GCAG,1961,7,-0.0326
GISTEMP,1961,8,0.01
GCAG,1961,8,-0.0084
GISTEMP,1961,9,0.08
GCAG,1961,9,-0.025
GISTEMP,1961,10,0.0
GCAG,1961,10,-0.0599
GISTEMP,1961,11,0.03
GCAG,1961,11,-0.0265
GISTEMP,1961,12,-0.16
GCAG,1961,12,-0.2476
GISTEMP,1962,1,0.05
GCAG,1962,1,-0.0515
GISTEMP,1962,2,0.15
GCAG,1962,2,0.0194
GISTEMP,1962,3,0.1
GCAG,1962,3,0.0244
GISTEMP,1962,4,0.05
GCAG,1962,4,-0.0171
GISTEMP,1962,5,-0.06
GCAG,1962,5,-0.1746
GISTEMP,1962,6,0.03
GCAG,1962,6,-0.0512
GISTEMP,1962,7,0.02
GCAG,1962,7,-0.1058
GISTEMP,1962,8,-0.01
GCAG,1962,8,-0.1062
GISTEMP,1962,9,0.0
GCAG,1962,9,-0.0698
GISTEMP,1962,10,0.01
GCAG,1962,10,-0.0357
GISTEMP,1962,11,0.06
GCAG,1962,11,-0.0157
GISTEMP,1962,12,-0.03
GCAG,1962,12,-0.1223
GISTEMP,1963,1,-0.03
GCAG,1963,1,-0.1138
GISTEMP,1963,2,0.18
GCAG,1963,2,0.0445
GISTEMP,1963,3,-0.14
GCAG,1963,3,-0.3368
GISTEMP,1963,4,-0.07
GCAG,1963,4,-0.1746
GISTEMP,1963,5,-0.06
GCAG,1963,5,-0.1422
GISTEMP,1963,6,0.05
GCAG,1963,6,-0.0625
GISTEMP,1963,7,0.06
GCAG,1963,7,0.0654
GISTEMP,1963,8,0.22
GCAG,1963,8,0.1517
GISTEMP,1963,9,0.17
GCAG,1963,9,0.1274
GISTEMP,1963,10,0.15
GCAG,1963,10,0.0697
GISTEMP,1963,11,0.15
GCAG,1963,11,0.051
GISTEMP,1963,12,-0.03
GCAG,1963,12,-0.0566
GISTEMP,1964,1,-0.09
GCAG,1964,1,-0.1866
GISTEMP,1964,2,-0.1
GCAG,1964,2,-0.2197
GISTEMP,1964,3,-0.21
GCAG,1964,3,-0.3794
GISTEMP,1964,4,-0.32
GCAG,1964,4,-0.4378
GISTEMP,1964,5,-0.25
GCAG,1964,5,-0.37
GISTEMP,1964,6,-0.04
GCAG,1964,6,-0.1658
GISTEMP,1964,7,-0.04
GCAG,1964,7,-0.1972
GISTEMP,1964,8,-0.22
GCAG,1964,8,-0.2961
GISTEMP,1964,9,-0.29
GCAG,1964,9,-0.4002
GISTEMP,1964,10,-0.31
GCAG,1964,10,-0.3088
GISTEMP,1964,11,-0.21
GCAG,1964,11,-0.2947
GISTEMP,1964,12,-0.3
GCAG,1964,12,-0.3692
GISTEMP,1965,1,-0.08
GCAG,1965,1,-0.1592
GISTEMP,1965,2,-0.17
GCAG,1965,2,-0.2624
GISTEMP,1965,3,-0.13
GCAG,1965,3,-0.2567
GISTEMP,1965,4,-0.19
GCAG,1965,4,-0.2979
GISTEMP,1965,5,-0.12
GCAG,1965,5,-0.188
GISTEMP,1965,6,-0.08
GCAG,1965,6,-0.2048
GISTEMP,1965,7,-0.13
GCAG,1965,7,-0.2649
GISTEMP,1965,8,-0.04
GCAG,1965,8,-0.1591
GISTEMP,1965,9,-0.15
GCAG,1965,9,-0.2443
GISTEMP,1965,10,-0.05
GCAG,1965,10,-0.1037
GISTEMP,1965,11,-0.06
GCAG,1965,11,-0.1427
GISTEMP,1965,12,-0.08
GCAG,1965,12,-0.1438
GISTEMP,1966,1,-0.19
GCAG,1966,1,-0.2809
GISTEMP,1966,2,-0.04
GCAG,1966,2,-0.1621
GISTEMP,1966,3,0.03
GCAG,1966,3,-0.1698
GISTEMP,1966,4,-0.13
GCAG,1966,4,-0.169
GISTEMP,1966,5,-0.12
GCAG,1966,5,-0.2147
GISTEMP,1966,6,0.01
GCAG,1966,6,-0.1013
GISTEMP,1966,7,0.08
GCAG,1966,7,0.0055
GISTEMP,1966,8,-0.08
GCAG,1966,8,-0.0965
GISTEMP,1966,9,-0.03
GCAG,1966,9,-0.0823
GISTEMP,1966,10,-0.17
GCAG,1966,10,-0.2314
GISTEMP,1966,11,-0.01
GCAG,1966,11,-0.1042
GISTEMP,1966,12,-0.02
GCAG,1966,12,-0.1376
GISTEMP,1967,1,-0.07
GCAG,1967,1,-0.2173
GISTEMP,1967,2,-0.21
GCAG,1967,2,-0.3252
GISTEMP,1967,3,0.05
GCAG,1967,3,-0.0941
GISTEMP,1967,4,-0.05
GCAG,1967,4,-0.1316
GISTEMP,1967,5,0.12
GCAG,1967,5,0.0614
GISTEMP,1967,6,-0.08
GCAG,1967,6,-0.1081
GISTEMP,1967,7,0.02
GCAG,1967,7,-0.0667
GISTEMP,1967,8,0.01
GCAG,1967,8,-0.0976
GISTEMP,1967,9,-0.06
GCAG,1967,9,-0.122
GISTEMP,1967,10,0.09
GCAG,1967,10,-0.0173
GISTEMP,1967,11,-0.05
GCAG,1967,11,-0.1187
GISTEMP,1967,12,-0.05
GCAG,1967,12,-0.1513
GISTEMP,1968,1,-0.26
GCAG,1968,1,-0.3182
GISTEMP,1968,2,-0.14
GCAG,1968,2,-0.2614
GISTEMP,1968,3,0.21
GCAG,1968,3,0.0014
GISTEMP,1968,4,-0.05
GCAG,1968,4,-0.1766
GISTEMP,1968,5,-0.14
GCAG,1968,5,-0.2218
GISTEMP,1968,6,-0.09
GCAG,1968,6,-0.1484
GISTEMP,1968,7,-0.13
GCAG,1968,7,-0.1919
GISTEMP,1968,8,-0.08
GCAG,1968,8,-0.1243
GISTEMP,1968,9,-0.19
GCAG,1968,9,-0.2212
GISTEMP,1968,10,0.09
GCAG,1968,10,0.0124
GISTEMP,1968,11,-0.05
GCAG,1968,11,-0.1306
GISTEMP,1968,12,-0.14
GCAG,1968,12,-0.1869
GISTEMP,1969,1,-0.11
GCAG,1969,1,-0.1583
GISTEMP,1969,2,-0.18
GCAG,1969,2,-0.1929
GISTEMP,1969,3,0.01
GCAG,1969,3,-0.1294
GISTEMP,1969,4,0.17
GCAG,1969,4,0.0513
GISTEMP,1969,5,0.18
GCAG,1969,5,0.0667
GISTEMP,1969,6,0.03
GCAG,1969,6,0.0095
GISTEMP,1969,7,-0.04
GCAG,1969,7,-0.1044
GISTEMP,1969,8,0.04
GCAG,1969,8,-0.0677
GISTEMP,1969,9,0.08
GCAG,1969,9,-0.0087
GISTEMP,1969,10,0.09
GCAG,1969,10,0.0037
GISTEMP,1969,11,0.12
GCAG,1969,11,0.0257
GISTEMP,1969,12,0.24
GCAG,1969,12,0.1709
GISTEMP,1970,1,0.08
GCAG,1970,1,0.0149
GISTEMP,1970,2,0.22
GCAG,1970,2,0.0642
GISTEMP,1970,3,0.06
GCAG,1970,3,-0.0887
GISTEMP,1970,4,0.05
GCAG,1970,4,-0.0778
GISTEMP,1970,5,-0.03
GCAG,1970,5,-0.1406
GISTEMP,1970,6,-0.02
GCAG,1970,6,-0.1364
GISTEMP,1970,7,0.02
GCAG,1970,7,-0.1096
GISTEMP,1970,8,-0.1
GCAG,1970,8,-0.1971
GISTEMP,1970,9,0.13
GCAG,1970,9,-0.029
GISTEMP,1970,10,0.03
GCAG,1970,10,-0.059
GISTEMP,1970,11,0.02
GCAG,1970,11,-0.0587
GISTEMP,1970,12,-0.12
GCAG,1970,12,-0.1904
GISTEMP,1971,1,-0.02
GCAG,1971,1,-0.1412
GISTEMP,1971,2,-0.15
GCAG,1971,2,-0.2719
GISTEMP,1971,3,-0.18
GCAG,1971,3,-0.3368
GISTEMP,1971,4,-0.07
GCAG,1971,4,-0.2318
GISTEMP,1971,5,-0.05
GCAG,1971,5,-0.1959
GISTEMP,1971,6,-0.16
GCAG,1971,6,-0.258
GISTEMP,1971,7,-0.08
GCAG,1971,7,-0.1822
GISTEMP,1971,8,-0.01
GCAG,1971,8,-0.1789
GISTEMP,1971,9,-0.05
GCAG,1971,9,-0.1223
GISTEMP,1971,10,-0.04
GCAG,1971,10,-0.1538
GISTEMP,1971,11,-0.07
GCAG,1971,11,-0.1491
GISTEMP,1971,12,-0.08
GCAG,1971,12,-0.227
GISTEMP,1972,1,-0.22
GCAG,1972,1,-0.3753
GISTEMP,1972,2,-0.18
GCAG,1972,2,-0.2761
GISTEMP,1972,3,0.03
GCAG,1972,3,-0.1395
GISTEMP,1972,4,0.0
GCAG,1972,4,-0.1251
GISTEMP,1972,5,-0.03
GCAG,1972,5,-0.0792
GISTEMP,1972,6,0.04
GCAG,1972,6,-0.0297
GISTEMP,1972,7,0.01
GCAG,1972,7,-0.0889
GISTEMP,1972,8,0.16
GCAG,1972,8,0.0667
GISTEMP,1972,9,0.02
GCAG,1972,9,-0.0489
GISTEMP,1972,10,0.08
GCAG,1972,10,-0.0521
GISTEMP,1972,11,0.02
GCAG,1972,11,-0.0477
GISTEMP,1972,12,0.18
GCAG,1972,12,0.1138
GISTEMP,1973,1,0.29
GCAG,1973,1,0.1038
GISTEMP,1973,2,0.32
GCAG,1973,2,0.1618
GISTEMP,1973,3,0.29
GCAG,1973,3,0.1189
GISTEMP,1973,4,0.27
GCAG,1973,4,0.1958
GISTEMP,1973,5,0.23
GCAG,1973,5,0.1107
GISTEMP,1973,6,0.19
GCAG,1973,6,0.1066
GISTEMP,1973,7,0.13
GCAG,1973,7,0.0204
GISTEMP,1973,8,0.05
GCAG,1973,8,-0.0214
GISTEMP,1973,9,0.09
GCAG,1973,9,-0.032
GISTEMP,1973,10,0.1
GCAG,1973,10,0.0149
GISTEMP,1973,11,0.04
GCAG,1973,11,-0.023
GISTEMP,1973,12,-0.07
GCAG,1973,12,-0.1269
GISTEMP,1974,1,-0.1
GCAG,1974,1,-0.2813
GISTEMP,1974,2,-0.27
GCAG,1974,2,-0.4434
GISTEMP,1974,3,-0.05
GCAG,1974,3,-0.2362
GISTEMP,1974,4,-0.11
GCAG,1974,4,-0.1978
GISTEMP,1974,5,-0.04
GCAG,1974,5,-0.1276
GISTEMP,1974,6,-0.05
GCAG,1974,6,-0.1124
GISTEMP,1974,7,-0.03
GCAG,1974,7,-0.1316
GISTEMP,1974,8,0.1
GCAG,1974,8,0.0274
GISTEMP,1974,9,-0.08
GCAG,1974,9,-0.0872
GISTEMP,1974,10,-0.06
GCAG,1974,10,-0.1078
GISTEMP,1974,11,-0.08
GCAG,1974,11,-0.1192
GISTEMP,1974,12,-0.08
GCAG,1974,12,-0.2071
GISTEMP,1975,1,0.1
GCAG,1975,1,-0.0904
GISTEMP,1975,2,0.08
GCAG,1975,2,-0.0182
GISTEMP,1975,3,0.13
GCAG,1975,3,-0.0055
GISTEMP,1975,4,0.04
GCAG,1975,4,-0.0451
GISTEMP,1975,5,0.16
GCAG,1975,5,0.0571
GISTEMP,1975,6,-0.01
GCAG,1975,6,-0.0558
GISTEMP,1975,7,-0.01
GCAG,1975,7,-0.1001
GISTEMP,1975,8,-0.17
GCAG,1975,8,-0.2282
GISTEMP,1975,9,-0.02
GCAG,1975,9,-0.1354
GISTEMP,1975,10,-0.11
GCAG,1975,10,-0.1476
GISTEMP,1975,11,-0.17
GCAG,1975,11,-0.2572
GISTEMP,1975,12,-0.17
GCAG,1975,12,-0.2454
GISTEMP,1976,1,-0.03
GCAG,1976,1,-0.1646
GISTEMP,1976,2,-0.06
GCAG,1976,2,-0.2257
GISTEMP,1976,3,-0.22
GCAG,1976,3,-0.3324
GISTEMP,1976,4,-0.07
GCAG,1976,4,-0.1799
GISTEMP,1976,5,-0.2
GCAG,1976,5,-0.3549
GISTEMP,1976,6,-0.12
GCAG,1976,6,-0.2311
GISTEMP,1976,7,-0.1
GCAG,1976,7,-0.1683
GISTEMP,1976,8,-0.12
GCAG,1976,8,-0.2377
GISTEMP,1976,9,-0.06
GCAG,1976,9,-0.1484
GISTEMP,1976,10,-0.24
GCAG,1976,10,-0.3297
GISTEMP,1976,11,-0.06
GCAG,1976,11,-0.1315
GISTEMP,1976,12,0.11
GCAG,1976,12,-0.0253
GISTEMP,1977,1,0.19
GCAG,1977,1,0.1554
GISTEMP,1977,2,0.23
GCAG,1977,2,0.1089
GISTEMP,1977,3,0.24
GCAG,1977,3,0.0797
GISTEMP,1977,4,0.26
GCAG,1977,4,0.1356
GISTEMP,1977,5,0.33
GCAG,1977,5,0.2281
GISTEMP,1977,6,0.27
GCAG,1977,6,0.2104
GISTEMP,1977,7,0.2
GCAG,1977,7,0.1431
GISTEMP,1977,8,0.18
GCAG,1977,8,0.1327
GISTEMP,1977,9,0.02
GCAG,1977,9,-0.0006
GISTEMP,1977,10,0.03
GCAG,1977,10,-0.015
GISTEMP,1977,11,0.16
GCAG,1977,11,0.1219
GISTEMP,1977,12,0.03
GCAG,1977,12,-0.039
GISTEMP,1978,1,0.06
GCAG,1978,1,0.0372
GISTEMP,1978,2,0.1
GCAG,1978,2,0.0747
GISTEMP,1978,3,0.19
GCAG,1978,3,0.0597
GISTEMP,1978,4,0.17
GCAG,1978,4,0.0531
GISTEMP,1978,5,0.09
GCAG,1978,5,0.0144
GISTEMP,1978,6,-0.01
GCAG,1978,6,-0.0535
GISTEMP,1978,7,0.04
GCAG,1978,7,0.0153
GISTEMP,1978,8,-0.14
GCAG,1978,8,-0.217
GISTEMP,1978,9,0.06
GCAG,1978,9,0.0367
GISTEMP,1978,10,0.03
GCAG,1978,10,-0.0596
GISTEMP,1978,11,0.14
GCAG,1978,11,0.0937
GISTEMP,1978,12,0.08
GCAG,1978,12,0.0113
GISTEMP,1979,1,0.08
GCAG,1979,1,0.0481
GISTEMP,1979,2,-0.1
GCAG,1979,2,-0.1812
GISTEMP,1979,3,0.19
GCAG,1979,3,0.0631
GISTEMP,1979,4,0.15
GCAG,1979,4,0.0737
GISTEMP,1979,5,0.03
GCAG,1979,5,-0.0258
GISTEMP,1979,6,0.14
GCAG,1979,6,0.0462
GISTEMP,1979,7,0.04
GCAG,1979,7,0.0163
GISTEMP,1979,8,0.17
GCAG,1979,8,0.1137
GISTEMP,1979,9,0.25
GCAG,1979,9,0.1708
GISTEMP,1979,10,0.26
GCAG,1979,10,0.1428
GISTEMP,1979,11,0.28
GCAG,1979,11,0.2051
GISTEMP,1979,12,0.48
GCAG,1979,12,0.3844
GISTEMP,1980,1,0.29
GCAG,1980,1,0.2486
GISTEMP,1980,2,0.39
GCAG,1980,2,0.3547
GISTEMP,1980,3,0.29
GCAG,1980,3,0.21
GISTEMP,1980,4,0.3
GCAG,1980,4,0.2305
GISTEMP,1980,5,0.35
GCAG,1980,5,0.2424
GISTEMP,1980,6,0.2
GCAG,1980,6,0.1261
GISTEMP,1980,7,0.22
GCAG,1980,7,0.2021
GISTEMP,1980,8,0.18
GCAG,1980,8,0.1613
GISTEMP,1980,9,0.21
GCAG,1980,9,0.1219
GISTEMP,1980,10,0.13
GCAG,1980,10,0.0906
GISTEMP,1980,11,0.3
GCAG,1980,11,0.2034
GISTEMP,1980,12,0.21
GCAG,1980,12,0.1066
GISTEMP,1981,1,0.53
GCAG,1981,1,0.442
GISTEMP,1981,2,0.42
GCAG,1981,2,0.3366
GISTEMP,1981,3,0.48
GCAG,1981,3,0.3259
GISTEMP,1981,4,0.32
GCAG,1981,4,0.1935
GISTEMP,1981,5,0.25
GCAG,1981,5,0.1425
GISTEMP,1981,6,0.29
GCAG,1981,6,0.2405
GISTEMP,1981,7,0.32
GCAG,1981,7,0.2661
GISTEMP,1981,8,0.35
GCAG,1981,8,0.3067
GISTEMP,1981,9,0.15
GCAG,1981,9,0.1368
GISTEMP,1981,10,0.12
GCAG,1981,10,0.0515
GISTEMP,1981,11,0.23
GCAG,1981,11,0.1592
GISTEMP,1981,12,0.41
GCAG,1981,12,0.3624
GISTEMP,1982,1,0.05
GCAG,1982,1,-0.0335
GISTEMP,1982,2,0.15
GCAG,1982,2,0.0625
GISTEMP,1982,3,0.03
GCAG,1982,3,-0.1403
GISTEMP,1982,4,0.15
GCAG,1982,4,0.0195
GISTEMP,1982,5,0.18
GCAG,1982,5,0.0871
GISTEMP,1982,6,0.06
GCAG,1982,6,-0.0038
GISTEMP,1982,7,0.14
GCAG,1982,7,0.0735
GISTEMP,1982,8,0.03
GCAG,1982,8,-0.0481
GISTEMP,1982,9,0.14
GCAG,1982,9,0.012
GISTEMP,1982,10,0.13
GCAG,1982,10,0.0387
GISTEMP,1982,11,0.18
GCAG,1982,11,0.0274
GISTEMP,1982,12,0.43
GCAG,1982,12,0.2765
GISTEMP,1983,1,0.53
GCAG,1983,1,0.3576
GISTEMP,1983,2,0.43
GCAG,1983,2,0.3326
GISTEMP,1983,3,0.42
GCAG,1983,3,0.2453
GISTEMP,1983,4,0.28
GCAG,1983,4,0.1735
GISTEMP,1983,5,0.34
GCAG,1983,5,0.2194
GISTEMP,1983,6,0.23
GCAG,1983,6,0.1631
GISTEMP,1983,7,0.18
GCAG,1983,7,0.1102
GISTEMP,1983,8,0.36
GCAG,1983,8,0.2801
GISTEMP,1983,9,0.37
GCAG,1983,9,0.323
GISTEMP,1983,10,0.17
GCAG,1983,10,0.1115
GISTEMP,1983,11,0.3
GCAG,1983,11,0.2418
GISTEMP,1983,12,0.17
GCAG,1983,12,0.092
GISTEMP,1984,1,0.31
GCAG,1984,1,0.1521
GISTEMP,1984,2,0.14
GCAG,1984,2,0.0236
GISTEMP,1984,3,0.26
GCAG,1984,3,0.1444
GISTEMP,1984,4,0.06
GCAG,1984,4,0.0094
GISTEMP,1984,5,0.33
GCAG,1984,5,0.2124
GISTEMP,1984,6,0.02
GCAG,1984,6,-0.0392
GISTEMP,1984,7,0.19
GCAG,1984,7,0.0212
GISTEMP,1984,8,0.19
GCAG,1984,8,0.0912
GISTEMP,1984,9,0.21
GCAG,1984,9,0.1235
GISTEMP,1984,10,0.13
GCAG,1984,10,0.0365
GISTEMP,1984,11,0.07
GCAG,1984,11,-0.0607
GISTEMP,1984,12,-0.04
GCAG,1984,12,-0.162
GISTEMP,1985,1,0.22
GCAG,1985,1,0.1122
GISTEMP,1985,2,-0.04
GCAG,1985,2,-0.1042
GISTEMP,1985,3,0.17
GCAG,1985,3,0.0381
GISTEMP,1985,4,0.12
GCAG,1985,4,-0.001
GISTEMP,1985,5,0.14
GCAG,1985,5,0.0621
GISTEMP,1985,6,0.15
GCAG,1985,6,0.1182
GISTEMP,1985,7,0.04
GCAG,1985,7,-0.0265
GISTEMP,1985,8,0.17
GCAG,1985,8,0.1386
GISTEMP,1985,9,0.13
GCAG,1985,9,0.1149
GISTEMP,1985,10,0.12
GCAG,1985,10,0.0347
GISTEMP,1985,11,0.05
GCAG,1985,11,0.0125
GISTEMP,1985,12,0.14
GCAG,1985,12,0.0522
GISTEMP,1986,1,0.26
GCAG,1986,1,0.1133
GISTEMP,1986,2,0.37
GCAG,1986,2,0.303
GISTEMP,1986,3,0.3
GCAG,1986,3,0.1312
GISTEMP,1986,4,0.22
GCAG,1986,4,0.1268
GISTEMP,1986,5,0.21
GCAG,1986,5,0.1379
GISTEMP,1986,6,0.12
GCAG,1986,6,0.0373
GISTEMP,1986,7,0.11
GCAG,1986,7,0.0381
GISTEMP,1986,8,0.16
GCAG,1986,8,0.0875
GISTEMP,1986,9,0.03
GCAG,1986,9,0.0207
GISTEMP,1986,10,0.15
GCAG,1986,10,0.0498
GISTEMP,1986,11,0.1
GCAG,1986,11,0.0364
GISTEMP,1986,12,0.13
GCAG,1986,12,0.0258
GISTEMP,1987,1,0.32
GCAG,1987,1,0.2129
GISTEMP,1987,2,0.43
GCAG,1987,2,0.3132
GISTEMP,1987,3,0.18
GCAG,1987,3,0.0985
GISTEMP,1987,4,0.24
GCAG,1987,4,0.1848
GISTEMP,1987,5,0.26
GCAG,1987,5,0.1618
GISTEMP,1987,6,0.35
GCAG,1987,6,0.2604
GISTEMP,1987,7,0.4
GCAG,1987,7,0.3428
GISTEMP,1987,8,0.25
GCAG,1987,8,0.2076
GISTEMP,1987,9,0.35
GCAG,1987,9,0.2595
GISTEMP,1987,10,0.33
GCAG,1987,10,0.2671
GISTEMP,1987,11,0.29
GCAG,1987,11,0.1834
GISTEMP,1987,12,0.46
GCAG,1987,12,0.3664
GISTEMP,1988,1,0.57
GCAG,1988,1,0.453
GISTEMP,1988,2,0.44
GCAG,1988,2,0.3269
GISTEMP,1988,3,0.51
GCAG,1988,3,0.3805
GISTEMP,1988,4,0.43
GCAG,1988,4,0.3216
GISTEMP,1988,5,0.44
GCAG,1988,5,0.3142
GISTEMP,1988,6,0.4
GCAG,1988,6,0.3294
GISTEMP,1988,7,0.33
GCAG,1988,7,0.2518
GISTEMP,1988,8,0.39
GCAG,1988,8,0.2541
GISTEMP,1988,9,0.37
GCAG,1988,9,0.2531
GISTEMP,1988,10,0.38
GCAG,1988,10,0.2518
GISTEMP,1988,11,0.12
GCAG,1988,11,0.0239
GISTEMP,1988,12,0.29
GCAG,1988,12,0.1712
GISTEMP,1989,1,0.12
GCAG,1989,1,-0.031
GISTEMP,1989,2,0.3
GCAG,1989,2,0.2337
GISTEMP,1989,3,0.36
GCAG,1989,3,0.1814
GISTEMP,1989,4,0.29
GCAG,1989,4,0.1448
GISTEMP,1989,5,0.18
GCAG,1989,5,0.0338
GISTEMP,1989,6,0.15
GCAG,1989,6,0.0927
GISTEMP,1989,7,0.35
GCAG,1989,7,0.2586
GISTEMP,1989,8,0.33
GCAG,1989,8,0.2504
GISTEMP,1989,9,0.34
GCAG,1989,9,0.2928
GISTEMP,1989,10,0.29
GCAG,1989,10,0.2545
GISTEMP,1989,11,0.2
GCAG,1989,11,0.1086
GISTEMP,1989,12,0.37
GCAG,1989,12,0.2785
GISTEMP,1990,1,0.41
GCAG,1990,1,0.28
GISTEMP,1990,2,0.44
GCAG,1990,2,0.2734
GISTEMP,1990,3,0.8
GCAG,1990,3,0.6284
GISTEMP,1990,4,0.56
GCAG,1990,4,0.4896
GISTEMP,1990,5,0.45
GCAG,1990,5,0.4007
GISTEMP,1990,6,0.37
GCAG,1990,6,0.3107
GISTEMP,1990,7,0.46
GCAG,1990,7,0.3742
GISTEMP,1990,8,0.34
GCAG,1990,8,0.2744
GISTEMP,1990,9,0.23
GCAG,1990,9,0.2134
GISTEMP,1990,10,0.44
GCAG,1990,10,0.3798
GISTEMP,1990,11,0.46
GCAG,1990,11,0.3525
GISTEMP,1990,12,0.4
GCAG,1990,12,0.2834
GISTEMP,1991,1,0.42
GCAG,1991,1,0.2966
GISTEMP,1991,2,0.5
GCAG,1991,2,0.3997
GISTEMP,1991,3,0.35
GCAG,1991,3,0.2408
GISTEMP,1991,4,0.51
GCAG,1991,4,0.4324
GISTEMP,1991,5,0.34
GCAG,1991,5,0.3078
GISTEMP,1991,6,0.53
GCAG,1991,6,0.4286
GISTEMP,1991,7,0.48
GCAG,1991,7,0.4633
GISTEMP,1991,8,0.39
GCAG,1991,8,0.3615
GISTEMP,1991,9,0.44
GCAG,1991,9,0.3473
GISTEMP,1991,10,0.29
GCAG,1991,10,0.2451
GISTEMP,1991,11,0.3
GCAG,1991,11,0.2492
GISTEMP,1991,12,0.32
GCAG,1991,12,0.2333
GISTEMP,1992,1,0.48
GCAG,1992,1,0.3567
GISTEMP,1992,2,0.4
GCAG,1992,2,0.3431
GISTEMP,1992,3,0.48
GCAG,1992,3,0.3052
GISTEMP,1992,4,0.27
GCAG,1992,4,0.1556
GISTEMP,1992,5,0.31
GCAG,1992,5,0.164
GISTEMP,1992,6,0.26
GCAG,1992,6,0.1522
GISTEMP,1992,7,0.09
GCAG,1992,7,0.003
GISTEMP,1992,8,0.08
GCAG,1992,8,0.0349
GISTEMP,1992,9,-0.01
GCAG,1992,9,-0.0957
GISTEMP,1992,10,0.07
GCAG,1992,10,-0.0288
GISTEMP,1992,11,0.03
GCAG,1992,11,-0.0403
GISTEMP,1992,12,0.22
GCAG,1992,12,0.0903
GISTEMP,1993,1,0.34
GCAG,1993,1,0.257
GISTEMP,1993,2,0.37
GCAG,1993,2,0.2742
GISTEMP,1993,3,0.36
GCAG,1993,3,0.233
GISTEMP,1993,4,0.28
GCAG,1993,4,0.1914
GISTEMP,1993,5,0.28
GCAG,1993,5,0.1912
GISTEMP,1993,6,0.23
GCAG,1993,6,0.1608
GISTEMP,1993,7,0.25
GCAG,1993,7,0.1557
GISTEMP,1993,8,0.11
GCAG,1993,8,0.0783
GISTEMP,1993,9,0.11
GCAG,1993,9,0.0408
GISTEMP,1993,10,0.24
GCAG,1993,10,0.1476
GISTEMP,1993,11,0.03
GCAG,1993,11,0.0604
GISTEMP,1993,12,0.18
GCAG,1993,12,0.1427
GISTEMP,1994,1,0.26
GCAG,1994,1,0.1922
GISTEMP,1994,2,0.02
GCAG,1994,2,0.0024
GISTEMP,1994,3,0.29
GCAG,1994,3,0.2336
GISTEMP,1994,4,0.41
GCAG,1994,4,0.246
GISTEMP,1994,5,0.28
GCAG,1994,5,0.1984
GISTEMP,1994,6,0.43
GCAG,1994,6,0.312
GISTEMP,1994,7,0.3
GCAG,1994,7,0.1774
GISTEMP,1994,8,0.22
GCAG,1994,8,0.1679
GISTEMP,1994,9,0.31
GCAG,1994,9,0.2651
GISTEMP,1994,10,0.43
GCAG,1994,10,0.3418
GISTEMP,1994,11,0.44
GCAG,1994,11,0.3497
GISTEMP,1994,12,0.39
GCAG,1994,12,0.2429
GISTEMP,1995,1,0.52
GCAG,1995,1,0.4111
GISTEMP,1995,2,0.79
GCAG,1995,2,0.6332
GISTEMP,1995,3,0.46
GCAG,1995,3,0.3509
GISTEMP,1995,4,0.47
GCAG,1995,4,0.4159
GISTEMP,1995,5,0.27
GCAG,1995,5,0.2585
GISTEMP,1995,6,0.43
GCAG,1995,6,0.3748
GISTEMP,1995,7,0.45
GCAG,1995,7,0.4374
GISTEMP,1995,8,0.45
GCAG,1995,8,0.3868
GISTEMP,1995,9,0.33
GCAG,1995,9,0.2746
GISTEMP,1995,10,0.46
GCAG,1995,10,0.3762
GISTEMP,1995,11,0.45
GCAG,1995,11,0.3672
GISTEMP,1995,12,0.26
GCAG,1995,12,0.167
GISTEMP,1996,1,0.24
GCAG,1996,1,0.2095
GISTEMP,1996,2,0.46
GCAG,1996,2,0.4539
GISTEMP,1996,3,0.32
GCAG,1996,3,0.2773
GISTEMP,1996,4,0.33
GCAG,1996,4,0.2426
GISTEMP,1996,5,0.27
GCAG,1996,5,0.2336
GISTEMP,1996,6,0.25
GCAG,1996,6,0.2132
GISTEMP,1996,7,0.36
GCAG,1996,7,0.3224
GISTEMP,1996,8,0.49
GCAG,1996,8,0.3511
GISTEMP,1996,9,0.26
GCAG,1996,9,0.2008
GISTEMP,1996,10,0.22
GCAG,1996,10,0.1221
GISTEMP,1996,11,0.42
GCAG,1996,11,0.3082
GISTEMP,1996,12,0.37
GCAG,1996,12,0.3153
GISTEMP,1997,1,0.32
GCAG,1997,1,0.242
GISTEMP,1997,2,0.41
GCAG,1997,2,0.2881
GISTEMP,1997,3,0.52
GCAG,1997,3,0.3872
GISTEMP,1997,4,0.33
GCAG,1997,4,0.3669
GISTEMP,1997,5,0.34
GCAG,1997,5,0.3103
GISTEMP,1997,6,0.55
GCAG,1997,6,0.4862
GISTEMP,1997,7,0.34
GCAG,1997,7,0.3426
GISTEMP,1997,8,0.41
GCAG,1997,8,0.4036
GISTEMP,1997,9,0.52
GCAG,1997,9,0.4628
GISTEMP,1997,10,0.61
GCAG,1997,10,0.5664
GISTEMP,1997,11,0.65
GCAG,1997,11,0.6075
GISTEMP,1997,12,0.59
GCAG,1997,12,0.5173
GISTEMP,1998,1,0.58
GCAG,1998,1,0.5573
GISTEMP,1998,2,0.88
GCAG,1998,2,0.791
GISTEMP,1998,3,0.63
GCAG,1998,3,0.5804
GISTEMP,1998,4,0.63
GCAG,1998,4,0.6425
GISTEMP,1998,5,0.68
GCAG,1998,5,0.6317
GISTEMP,1998,6,0.77
GCAG,1998,6,0.6627
GISTEMP,1998,7,0.66
GCAG,1998,7,0.6554
GISTEMP,1998,8,0.65
GCAG,1998,8,0.6472
GISTEMP,1998,9,0.42
GCAG,1998,9,0.4299
GISTEMP,1998,10,0.42
GCAG,1998,10,0.4102
GISTEMP,1998,11,0.43
GCAG,1998,11,0.3753
GISTEMP,1998,12,0.54
GCAG,1998,12,0.4799
GISTEMP,1999,1,0.48
GCAG,1999,1,0.3817
GISTEMP,1999,2,0.64
GCAG,1999,2,0.5945
GISTEMP,1999,3,0.33
GCAG,1999,3,0.2501
GISTEMP,1999,4,0.32
GCAG,1999,4,0.2625
GISTEMP,1999,5,0.26
GCAG,1999,5,0.241
GISTEMP,1999,6,0.36
GCAG,1999,6,0.3194
GISTEMP,1999,7,0.39
GCAG,1999,7,0.3068
GISTEMP,1999,8,0.31
GCAG,1999,8,0.2986
GISTEMP,1999,9,0.39
GCAG,1999,9,0.2712
GISTEMP,1999,10,0.34
GCAG,1999,10,0.3026
GISTEMP,1999,11,0.37
GCAG,1999,11,0.2789
GISTEMP,1999,12,0.4
GCAG,1999,12,0.3091
GISTEMP,2000,1,0.25
GCAG,2000,1,0.173
GISTEMP,2000,2,0.56
GCAG,2000,2,0.4892
GISTEMP,2000,3,0.55
GCAG,2000,3,0.4372
GISTEMP,2000,4,0.56
GCAG,2000,4,0.5274
GISTEMP,2000,5,0.36
GCAG,2000,5,0.2987
GISTEMP,2000,6,0.4
GCAG,2000,6,0.3449
GISTEMP,2000,7,0.39
GCAG,2000,7,0.3254
GISTEMP,2000,8,0.43
GCAG,2000,8,0.3741
GISTEMP,2000,9,0.39
GCAG,2000,9,0.3079
GISTEMP,2000,10,0.27
GCAG,2000,10,0.1901
GISTEMP,2000,11,0.3
GCAG,2000,11,0.241
GISTEMP,2000,12,0.28
GCAG,2000,12,0.1971
GISTEMP,2001,1,0.45
GCAG,2001,1,0.3569
GISTEMP,2001,2,0.44
GCAG,2001,2,0.3846
GISTEMP,2001,3,0.55
GCAG,2001,3,0.512
GISTEMP,2001,4,0.5
GCAG,2001,4,0.4439
GISTEMP,2001,5,0.57
GCAG,2001,5,0.4828
GISTEMP,2001,6,0.52
GCAG,2001,6,0.4426
GISTEMP,2001,7,0.59
GCAG,2001,7,0.507
GISTEMP,2001,8,0.48
GCAG,2001,8,0.4994
GISTEMP,2001,9,0.52
GCAG,2001,9,0.4892
GISTEMP,2001,10,0.5
GCAG,2001,10,0.4612
GISTEMP,2001,11,0.72
GCAG,2001,11,0.6861
GISTEMP,2001,12,0.55
GCAG,2001,12,0.5356
GISTEMP,2002,1,0.77
GCAG,2002,1,0.6401
GISTEMP,2002,2,0.78
GCAG,2002,2,0.6341
GISTEMP,2002,3,0.88
GCAG,2002,3,0.7866
GISTEMP,2002,4,0.58
GCAG,2002,4,0.5572
GISTEMP,2002,5,0.64
GCAG,2002,5,0.4972
GISTEMP,2002,6,0.53
GCAG,2002,6,0.4434
GISTEMP,2002,7,0.61
GCAG,2002,7,0.5669
GISTEMP,2002,8,0.53
GCAG,2002,8,0.4958
GISTEMP,2002,9,0.64
GCAG,2002,9,0.4988
GISTEMP,2002,10,0.54
GCAG,2002,10,0.4967
GISTEMP,2002,11,0.59
GCAG,2002,11,0.4878
GISTEMP,2002,12,0.44
GCAG,2002,12,0.3414
GISTEMP,2003,1,0.75
GCAG,2003,1,0.6511
GISTEMP,2003,2,0.58
GCAG,2003,2,0.4807
GISTEMP,2003,3,0.6
GCAG,2003,3,0.4738
GISTEMP,2003,4,0.55
GCAG,2003,4,0.4647
GISTEMP,2003,5,0.6
GCAG,2003,5,0.5142
GISTEMP,2003,6,0.48
GCAG,2003,6,0.4196
GISTEMP,2003,7,0.58
GCAG,2003,7,0.4814
GISTEMP,2003,8,0.64
GCAG,2003,8,0.6109
GISTEMP,2003,9,0.62
GCAG,2003,9,0.5693
GISTEMP,2003,10,0.72
GCAG,2003,10,0.6529
GISTEMP,2003,11,0.53
GCAG,2003,11,0.49
GISTEMP,2003,12,0.75
GCAG,2003,12,0.6507
GISTEMP,2004,1,0.58
GCAG,2004,1,0.5008
GISTEMP,2004,2,0.72
GCAG,2004,2,0.6285
GISTEMP,2004,3,0.63
GCAG,2004,3,0.5184
GISTEMP,2004,4,0.61
GCAG,2004,4,0.5155
GISTEMP,2004,5,0.37
GCAG,2004,5,0.3473
GISTEMP,2004,6,0.44
GCAG,2004,6,0.3085
GISTEMP,2004,7,0.26
GCAG,2004,7,0.2363
GISTEMP,2004,8,0.45
GCAG,2004,8,0.4592
GISTEMP,2004,9,0.5
GCAG,2004,9,0.4606
GISTEMP,2004,10,0.61
GCAG,2004,10,0.5174
GISTEMP,2004,11,0.73
GCAG,2004,11,0.6462
GISTEMP,2004,12,0.5
GCAG,2004,12,0.4102
GISTEMP,2005,1,0.75
GCAG,2005,1,0.6426
GISTEMP,2005,2,0.6
GCAG,2005,2,0.5272
GISTEMP,2005,3,0.74
GCAG,2005,3,0.6398
GISTEMP,2005,4,0.67
GCAG,2005,4,0.6256
GISTEMP,2005,5,0.63
GCAG,2005,5,0.5495
GISTEMP,2005,6,0.65
GCAG,2005,6,0.5671
GISTEMP,2005,7,0.61
GCAG,2005,7,0.5531
GISTEMP,2005,8,0.6
GCAG,2005,8,0.5818
GISTEMP,2005,9,0.72
GCAG,2005,9,0.6307
GISTEMP,2005,10,0.76
GCAG,2005,10,0.68
GISTEMP,2005,11,0.74
GCAG,2005,11,0.6357
GISTEMP,2005,12,0.68
GCAG,2005,12,0.5946
GISTEMP,2006,1,0.56
GCAG,2006,1,0.4943
GISTEMP,2006,2,0.74
GCAG,2006,2,0.6356
GISTEMP,2006,3,0.63
GCAG,2006,3,0.5313
GISTEMP,2006,4,0.47
GCAG,2006,4,0.4758
GISTEMP,2006,5,0.48
GCAG,2006,5,0.4638
GISTEMP,2006,6,0.66
GCAG,2006,6,0.5698
GISTEMP,2006,7,0.54
GCAG,2006,7,0.4758
GISTEMP,2006,8,0.71
GCAG,2006,8,0.6309
GISTEMP,2006,9,0.66
GCAG,2006,9,0.545
GISTEMP,2006,10,0.71
GCAG,2006,10,0.6095
GISTEMP,2006,11,0.73
GCAG,2006,11,0.6548
GISTEMP,2006,12,0.79
GCAG,2006,12,0.7095
GISTEMP,2007,1,1.01
GCAG,2007,1,0.8886
GISTEMP,2007,2,0.7
GCAG,2007,2,0.63
GISTEMP,2007,3,0.71
GCAG,2007,3,0.5827
GISTEMP,2007,4,0.77
GCAG,2007,4,0.7175
GISTEMP,2007,5,0.69
GCAG,2007,5,0.572
GISTEMP,2007,6,0.61
GCAG,2007,6,0.4968
GISTEMP,2007,7,0.6
GCAG,2007,7,0.5594
GISTEMP,2007,8,0.6
GCAG,2007,8,0.5793
GISTEMP,2007,9,0.61
GCAG,2007,9,0.5064
GISTEMP,2007,10,0.59
GCAG,2007,10,0.5534
GISTEMP,2007,11,0.59
GCAG,2007,11,0.5283
GISTEMP,2007,12,0.5
GCAG,2007,12,0.4117
GISTEMP,2008,1,0.3
GCAG,2008,1,0.2036
GISTEMP,2008,2,0.38
GCAG,2008,2,0.2604
GISTEMP,2008,3,0.75
GCAG,2008,3,0.6034
GISTEMP,2008,4,0.54
GCAG,2008,4,0.4406
GISTEMP,2008,5,0.5
GCAG,2008,5,0.4278
GISTEMP,2008,6,0.49
GCAG,2008,6,0.3775
GISTEMP,2008,7,0.6
GCAG,2008,7,0.5309
GISTEMP,2008,8,0.45
GCAG,2008,8,0.4517
GISTEMP,2008,9,0.61
GCAG,2008,9,0.5451
GISTEMP,2008,10,0.67
GCAG,2008,10,0.5895
GISTEMP,2008,11,0.69
GCAG,2008,11,0.6175
GISTEMP,2008,12,0.54
GCAG,2008,12,0.4623
GISTEMP,2009,1,0.65
GCAG,2009,1,0.5805
GISTEMP,2009,2,0.53
GCAG,2009,2,0.4573
GISTEMP,2009,3,0.53
GCAG,2009,3,0.4392
GISTEMP,2009,4,0.61
GCAG,2009,4,0.5207
GISTEMP,2009,5,0.65
GCAG,2009,5,0.5476
GISTEMP,2009,6,0.64
GCAG,2009,6,0.6205
GISTEMP,2009,7,0.74
GCAG,2009,7,0.6761
GISTEMP,2009,8,0.69
GCAG,2009,8,0.6189
GISTEMP,2009,9,0.72
GCAG,2009,9,0.6767
GISTEMP,2009,10,0.65
GCAG,2009,10,0.6174
GISTEMP,2009,11,0.8
GCAG,2009,11,0.6935
GISTEMP,2009,12,0.67
GCAG,2009,12,0.6317
GISTEMP,2010,1,0.75
GCAG,2010,1,0.7063
GISTEMP,2010,2,0.84
GCAG,2010,2,0.7791
GISTEMP,2010,3,0.92
GCAG,2010,3,0.8514
GISTEMP,2010,4,0.85
GCAG,2010,4,0.8191
GISTEMP,2010,5,0.75
GCAG,2010,5,0.7077
GISTEMP,2010,6,0.68
GCAG,2010,6,0.643
GISTEMP,2010,7,0.63
GCAG,2010,7,0.6112
GISTEMP,2010,8,0.67
GCAG,2010,8,0.6089
GISTEMP,2010,9,0.63
GCAG,2010,9,0.5602
GISTEMP,2010,10,0.71
GCAG,2010,10,0.6386
GISTEMP,2010,11,0.82
GCAG,2010,11,0.7283
GISTEMP,2010,12,0.45
GCAG,2010,12,0.4299
GISTEMP,2011,1,0.52
GCAG,2011,1,0.4519
GISTEMP,2011,2,0.48
GCAG,2011,2,0.4231
GISTEMP,2011,3,0.66
GCAG,2011,3,0.5489
GISTEMP,2011,4,0.64
GCAG,2011,4,0.591
GISTEMP,2011,5,0.53
GCAG,2011,5,0.4381
GISTEMP,2011,6,0.63
GCAG,2011,6,0.5415
GISTEMP,2011,7,0.71
GCAG,2011,7,0.6393
GISTEMP,2011,8,0.75
GCAG,2011,8,0.6508
GISTEMP,2011,9,0.56
GCAG,2011,9,0.5358
GISTEMP,2011,10,0.65
GCAG,2011,10,0.5743
GISTEMP,2011,11,0.59
GCAG,2011,11,0.5068
GISTEMP,2011,12,0.6
GCAG,2011,12,0.4898
GISTEMP,2012,1,0.47
GCAG,2012,1,0.3647
GISTEMP,2012,2,0.48
GCAG,2012,2,0.4557
GISTEMP,2012,3,0.57
GCAG,2012,3,0.416
GISTEMP,2012,4,0.73
GCAG,2012,4,0.6034
GISTEMP,2012,5,0.78
GCAG,2012,5,0.6515
GISTEMP,2012,6,0.64
GCAG,2012,6,0.6251
GISTEMP,2012,7,0.59
GCAG,2012,7,0.5659
GISTEMP,2012,8,0.66
GCAG,2012,8,0.6452
GISTEMP,2012,9,0.72
GCAG,2012,9,0.6352
GISTEMP,2012,10,0.8
GCAG,2012,10,0.7239
GISTEMP,2012,11,0.78
GCAG,2012,11,0.7158
GISTEMP,2012,12,0.53
GCAG,2012,12,0.4558
GISTEMP,2013,1,0.71
GCAG,2013,1,0.6024
GISTEMP,2013,2,0.62
GCAG,2013,2,0.5189
GISTEMP,2013,3,0.67
GCAG,2013,3,0.576
GISTEMP,2013,4,0.53
GCAG,2013,4,0.5657
GISTEMP,2013,5,0.6
GCAG,2013,5,0.5511
GISTEMP,2013,6,0.69
GCAG,2013,6,0.6564
GISTEMP,2013,7,0.6
GCAG,2013,7,0.5848
GISTEMP,2013,8,0.71
GCAG,2013,8,0.6362
GISTEMP,2013,9,0.77
GCAG,2013,9,0.719
GISTEMP,2013,10,0.69
GCAG,2013,10,0.6479
GISTEMP,2013,11,0.83
GCAG,2013,11,0.7649
GISTEMP,2013,12,0.7
GCAG,2013,12,0.6004
GISTEMP,2014,1,0.76
GCAG,2014,1,0.6645
GISTEMP,2014,2,0.55
GCAG,2014,2,0.4831
GISTEMP,2014,3,0.78
GCAG,2014,3,0.6806
GISTEMP,2014,4,0.81
GCAG,2014,4,0.7297
GISTEMP,2014,5,0.86
GCAG,2014,5,0.728
GISTEMP,2014,6,0.67
GCAG,2014,6,0.6138
GISTEMP,2014,7,0.58
GCAG,2014,7,0.5813
GISTEMP,2014,8,0.84
GCAG,2014,8,0.7286
GISTEMP,2014,9,0.88
GCAG,2014,9,0.7607
GISTEMP,2014,10,0.8
GCAG,2014,10,0.7378
GISTEMP,2014,11,0.67
GCAG,2014,11,0.6286
GISTEMP,2014,12,0.79
GCAG,2014,12,0.6775
GISTEMP,2015,1,0.86
GCAG,2015,1,0.7322
GISTEMP,2015,2,0.91
GCAG,2015,2,0.7729
GISTEMP,2015,3,0.96
GCAG,2015,3,0.7874
GISTEMP,2015,4,0.75
GCAG,2015,4,0.6843
GISTEMP,2015,5,0.8
GCAG,2015,5,0.7258
GISTEMP,2015,6,0.81
GCAG,2015,6,0.7518
GISTEMP,2015,7,0.73
GCAG,2015,7,0.7096
GISTEMP,2015,8,0.8
GCAG,2015,8,0.7994
GISTEMP,2015,9,0.84
GCAG,2015,9,0.8179
GISTEMP,2015,10,1.08
GCAG,2015,10,1.0137
GISTEMP,2015,11,1.06
GCAG,2015,11,0.9855
GISTEMP,2015,12,1.17
GCAG,2015,12,1.0351
GISTEMP,2016,1,1.18
GCAG,2016,1,1.0793
GISTEMP,2016,2,1.36
GCAG,2016,2,1.2161
GISTEMP,2016,3,1.35
GCAG,2016,3,1.1764
GISTEMP,2016,4,1.09
GCAG,2016,4,1.023
GISTEMP,2016,5,0.96
GCAG,2016,5,0.8734
GISTEMP,2016,6,0.81
GCAG,2016,6,0.7691
GISTEMP,2016,7,0.84
GCAG,2016,7,0.7612
GISTEMP,2016,8,1.02
GCAG,2016,8,0.9397
GISTEMP,2016,9,0.9
GCAG,2016,9,0.8369
GISTEMP,2016,10,0.87
GCAG,2016,10,0.8117
GISTEMP,2016,11,0.91
GCAG,2016,11,0.839
GISTEMP,2016,12,0.86
GCAG,2016,12,0.7721
GISTEMP,2017,1,1.02
GCAG,2017,1,0.947
GISTEMP,2017,2,1.13
GCAG,2017,2,1.0622
GISTEMP,2017,3,1.16
GCAG,2017,3,1.0444
GISTEMP,2017,4,0.93
GCAG,2017,4,0.8352
GISTEMP,2017,5,0.91
GCAG,2017,5,0.7755
GISTEMP,2017,6,0.71
GCAG,2017,6,0.6497
GISTEMP,2017,7,0.82
GCAG,2017,7,0.7935
GISTEMP,2017,8,0.87
GCAG,2017,8,0.8019
GISTEMP,2017,9,0.74
GCAG,2017,9,0.7227
GISTEMP,2017,10,0.88
GCAG,2017,10,0.8041
GISTEMP,2017,11,0.87
GCAG,2017,11,0.7948
GISTEMP,2017,12,0.93
GCAG,2017,12,0.8065
GISTEMP,2018,1,0.82
GCAG,2018,1,0.7073
GISTEMP,2018,2,0.85
GCAG,2018,2,0.7763
GISTEMP,2018,3,0.88
GCAG,2018,3,0.7757
GISTEMP,2018,4,0.88
GCAG,2018,4,0.8108
GISTEMP,2018,5,0.81
GCAG,2018,5,0.7014
GISTEMP,2018,6,0.77
GCAG,2018,6,0.7268
GISTEMP,2018,7,0.83
GCAG,2018,7,0.7242
GISTEMP,2018,8,0.78
GCAG,2018,8,0.7335
GISTEMP,2018,9,0.8
GCAG,2018,9,0.6766
GISTEMP,2018,10,1.02
GCAG,2018,10,0.8582
GISTEMP,2018,11,0.83
GCAG,2018,11,0.7319
GISTEMP,2018,12,0.93
GCAG,2018,12,0.8156
GISTEMP,2019,1,0.93
GCAG,2019,1,0.8132
GISTEMP,2019,2,0.96
GCAG,2019,2,0.8345
GISTEMP,2019,3,1.17
GCAG,2019,3,1.0769
GISTEMP,2019,4,1.0
GCAG,2019,4,0.9251
GISTEMP,2019,5,0.86
GCAG,2019,5,0.7766
GISTEMP,2019,6,0.9
GCAG,2019,6,0.8078
GISTEMP,2019,7,0.94
GCAG,2019,7,0.8515
GISTEMP,2019,8,0.95
GCAG,2019,8,0.8364
GISTEMP,2019,9,0.93
GCAG,2019,9,0.8134
GISTEMP,2019,10,1.0
GCAG,2019,10,0.9541
GISTEMP,2019,11,0.99
GCAG,2019,11,0.933
GISTEMP,2019,12,1.12
GCAG,2019,12,1.0256
GISTEMP,2020,1,1.18
GCAG,2020,1,1.0581
GISTEMP,2020,2,1.24
GCAG,2020,2,1.1097
GISTEMP,2020,3,1.18
GCAG,2020,3,1.0748
GISTEMP,2020,4,1.12
GCAG,2020,4,1.0499
GISTEMP,2020,5,0.99
GCAG,2020,5,0.8944
GISTEMP,2020,6,0.91
GCAG,2020,6,0.8113
GISTEMP,2020,7,0.89
GCAG,2020,7,0.8217
GISTEMP,2020,8,0.86
GCAG,2020,8,0.8095
GISTEMP,2020,9,0.96
GCAG,2020,9,0.8666
GISTEMP,2020,10,0.87
GCAG,2020,10,0.7993
GISTEMP,2020,11,1.09
GCAG,2020,11,1.0072
GISTEMP,2020,12,0.8
GCAG,2020,12,0.6923
GISTEMP,2021,1,0.81
GCAG,2021,1,0.707
GISTEMP,2021,2,0.64
GCAG,2021,2,0.5647
GISTEMP,2021,3,0.89
GCAG,2021,3,0.7374
GISTEMP,2021,4,0.76
GCAG,2021,4,0.7573
GISTEMP,2021,5,0.79
GCAG,2021,5,0.6982
GISTEMP,2021,6,0.84
GCAG,2021,6,0.7178
GISTEMP,2021,7,0.92
GCAG,2021,7,0.791
GISTEMP,2021,8,0.81
GCAG,2021,8,0.8094
GISTEMP,2021,9,0.92
GCAG,2021,9,0.8747
GISTEMP,2021,10,0.98
GCAG,2021,10,0.9278
GISTEMP,2021,11,0.92
GCAG,2021,11,0.8644
GISTEMP,2021,12,0.88
GCAG,2021,12,0.7581
GISTEMP,2022,1,0.91
GCAG,2022,1,0.7816
GISTEMP,2022,2,0.89
GCAG,2022,2,0.7527
GISTEMP,2022,3,1.04
GCAG,2022,3,0.8898
GISTEMP,2022,4,0.83
GCAG,2022,4,0.7672
GISTEMP,2022,5,0.84
GCAG,2022,5,0.7497
GISTEMP,2022,6,0.92
GCAG,2022,6,0.8475
GISTEMP,2022,7,0.94
GCAG,2022,7,0.7776
GISTEMP,2022,8,0.94
GCAG,2022,8,0.8753
GISTEMP,2022,9,0.88
GCAG,2022,9,0.816
GISTEMP,2022,10,0.97
GCAG,2022,10,0.9506
GISTEMP,2022,11,0.73
GCAG,2022,11,0.6687
GISTEMP,2022,12,0.8
GCAG,2022,12,0.7452
GISTEMP,2023,1,0.88
GCAG,2023,1,0.7827
GISTEMP,2023,2,0.97
GCAG,2023,2,0.8863
GISTEMP,2023,3,1.23
GCAG,2023,3,1.1295
GISTEMP,2023,4,0.99
GCAG,2023,4,0.9248
GISTEMP,2023,5,0.94
GCAG,2023,5,0.8798
GISTEMP,2023,6,1.08
GCAG,2023,6,1.0592
GISTEMP,2023,7,1.19
GCAG,2023,7,1.1612
GISTEMP,2023,8,1.19
GCAG,2023,8,1.2127
GISTEMP,2023,9,1.48
GCAG,2023,9,1.3481
GISTEMP,2023,10,1.35
GCAG,2023,10,1.3267
GISTEMP,2023,11,1.4
GCAG,2023,11,1.3421
GISTEMP,2023,12,1.35
GCAG,2023,12,1.2644
GISTEMP,2024,1,1.25
GCAG,2024,1,1.1459
GISTEMP,2024,2,1.44
GCAG,2024,2,1.2757
GISTEMP,2024,3,1.39
GCAG,2024,3,1.2212
GISTEMP,2024,4,1.32
GCAG,2024,4,1.207
GISTEMP,2024,5,1.16
GCAG,2024,5,1.0613
GISTEMP,2024,6,1.24
GCAG,2024,6,1.0936
GISTEMP,2024,7,1.2
GCAG,2024,7,1.1301
GISTEMP,2024,8,1.3
GCAG,2024,8,1.2156
GISTEMP,2024,9,1.21
GCAG,2024,9,1.1435
GISTEMP,2024,10,1.35
GCAG,2024,10,1.2006
GISTEMP,2024,11,1.3
GCAG,2024,11,1.2102
GISTEMP,2024,12,1.27
GCAG,2024,12,1.1292
